Authors,Title,Publication,Volume,Number,Pages,Year,Publisher
"Thornsberry, Jeffry M; Goodman, Major M; Doebley, John; Kresovich, Stephen; Nielsen, Dahlia; Buckler, Edward S; ",Dwarf8 polymorphisms associate with variation in flowering time,Nature genetics,28,3,286-289,2001,Nature Publishing Group
"Remington, David L; Thornsberry, Jeffry M; Matsuoka, Yoshihiro; Wilson, Larissa M; Whitt, Sherry R; Doebley, John; Kresovich, Stephen; Goodman, Major M; Buckler IV, Edward S; ",Structure of linkage disequilibrium and phenotypic associations in the maize genome,Proceedings of the national academy of sciences,98,20,11479-11484,2001,The National Academy of Sciences
"Yu, Jianming; Pressoir, Gael; Briggs, William H; Bi, Irie Vroh; Yamasaki, Masanori; Doebley, John F; McMullen, Michael D; Gaut, Brandon S; Nielsen, Dahlia M; Holland, James B; ",A unified mixed-model method for association mapping that accounts for multiple levels of relatedness,Nature genetics,38,2,203-208,2006,Nature Publishing Group
"Matsuoka, Yoshihiro; Vigouroux, Yves; Goodman, Major M; Sanchez G, Jesus; Buckler, Edward; Doebley, John; ",A single domestication for maize shown by multilocus microsatellite genotyping,Proceedings of the National Academy of Sciences,99,9,6080-6084,2002,The National Academy of Sciences
"Bradbury, Peter J; Zhang, Zhiwu; Kroon, Dallas E; Casstevens, Terry M; Ramdoss, Yogesh; Buckler, Edward S; ",TASSEL: software for association mapping of complex traits in diverse samples,Bioinformatics,23,19,2633-2635,2007,Oxford University Press
"Buckler IV, Edward S; Thornsberry, Jeffry M; ",Plant molecular diversity and applications to genomics,Current opinion in plant biology,5,2,107-111,2002,Elsevier Current Trends
"Whitt, Sherry R; Wilson, Larissa M; Tenaillon, Maud I; Gaut, Brandon S; Buckler IV, Edward S; ",Genetic diversity and selection in the maize starch pathway,Proceedings of the National Academy of Sciences,99,20,12959-12962,2002,The National Academy of Sciences
"Yu, Jianming; Buckler, Edward S; ",Genetic association mapping and genome organization of maize,Current opinion in biotechnology,17,2,155-160,2006,Elsevier Current Trends
"Buckler 4th, ES; Holtsford, Timothy P; ",Zea systematics: ribosomal ITS evidence.,Molecular Biology and Evolution,13,4,612-622,1996,
"Buckler, Edward S; Holland, James B; Bradbury, Peter J; Acharya, Charlotte B; Brown, Patrick J; Browne, Chris; Ersoz, Elhan; Flint-Garcia, Sherry; Garcia, Arturo; Glaubitz, Jeffrey C; ",The genetic architecture of maize flowering time,Science,325,5941,714-718,2009,American Association for the Advancement of Science
"Flint‐Garcia, Sherry A; Thuillet, Anne‐Céline; Yu, Jianming; Pressoir, Gael; Romero, Susan M; Mitchell, Sharon E; Doebley, John; Kresovich, Stephen; Goodman, Major M; Buckler, Edward S; ",Maize association population: a high‐resolution platform for quantitative trait locus dissection,The plant journal,44,6,1054-1064,2005,"Blackwell Science Ltd Oxford, UK"
"Yu, Jianming; Holland, James B; McMullen, Michael D; Buckler, Edward S; ",Genetic design and statistical power of nested association mapping in maize,Genetics,178,1,539-551,2008,Oxford University Press
"Harjes, Carlos E; Rocheford, Torbert R; Bai, Ling; Brutnell, Thomas P; Kandianis, Catherine Bermudez; Sowinski, Stephen G; Stapleton, Ann E; Vallabhaneni, Ratnakar; Williams, Mark; Wurtzel, Eleanore T; ",Natural genetic variation in lycopene epsilon cyclase tapped for maize biofortification,Science,319,5861,330-333,2008,American Association for the Advancement of Science
"McMullen, Michael D; Kresovich, Stephen; Villeda, Hector Sanchez; Bradbury, Peter; Li, Huihui; Sun, Qi; Flint-Garcia, Sherry; Thornsberry, Jeffry; Acharya, Charlotte; Bottoms, Christopher; ",Genetic properties of the maize nested association mapping population,Science,325,5941,737-740,2009,American Association for the Advancement of Science
"Buckler, Edward S; Thornsberry, Jeffry M; Kresovich, Stephen; ","Molecular diversity, structure and domestication of grasses",Genetics research,77,3,213-218,2001,Cambridge University Press
"Jaiswal, Pankaj; Ni, Junjian; Yap, Immanuel; Ware, Doreen; Spooner, William; Youens-Clark, Ken; Ren, Liya; Liang, Chengzhi; Zhao, Wei; Ratnapu, Kiran; ",Gramene: a bird's eye view of cereal genomes,Nucleic acids research,34,suppl_1,D717-D723,2006,Oxford University Press
"Buckler, Edward S; Gaut, Brandon S; McMullen, Michael D; ",Molecular and functional diversity of maize,Current opinion in plant biology,9,2,172-176,2006,Elsevier Current Trends
"Liang, Chengzhi; Jaiswal, Pankaj; Hebbard, Claire; Avraham, Shuly; Buckler, Edward S; Casstevens, Terry; Hurwitz, Bonnie; McCouch, Susan; Ni, Junjian; Pujar, Anuradha; ",Gramene: a growing plant comparative genomics resource,Nucleic Acids Research,36,suppl_1,D947-D953,2007,Oxford University Press
"Buckler IV, Edward S; Phelps-Durr, Tara L; Buckler, Carlyn S Keith; Dawe, R Kelly; Doebley, John F; Holtsford, Timothy P; ",Meiotic drive of chromosomal knobs reshaped the maize genome,Genetics,153,1,415-426,1999,Oxford University Press
"Gore, Michael A; Chia, Jer-Ming; Elshire, Robert J; Sun, Qi; Ersoz, Elhan S; Hurwitz, Bonnie L; Peiffer, Jason A; McMullen, Michael D; Grills, George S; Ross-Ibarra, Jeffrey; ",A first-generation haplotype map of maize,Science,326,5956,1115-1117,2009,American Association for the Advancement of Science
"Myles, Sean; Peiffer, Jason; Brown, Patrick J; Ersoz, Elhan S; Zhang, Zhiwu; Costich, Denise E; Buckler, Edward S; ",Association mapping: critical considerations shift from genotyping to experimental design,The plant cell,21,8,2194-2202,2009,American Society of Plant Biologists
"Buckler 4th, ES; Holtsford, Timothy P; ",Zea ribosomal repeat evolution and substitution patterns.,Molecular Biology and Evolution,13,4,623-632,1996,
"Fukunaga, Kenji; Hill, Jason; Vigouroux, Yves; Matsuoka, Yoshihiro; Sanchez G, Jesus; Liu, Kejun; Buckler, Edward S; Doebley, John; ",Genetic diversity and population structure of teosinte,Genetics,169,4,2241-2254,2005,Oxford University Press
"Stich, Benjamin; Möhring, Jens; Piepho, Hans-Peter; Heckenberger, Martin; Buckler, Edward S; Melchinger, Albrecht E; ",Comparison of mixed-model approaches for association mapping,Genetics,178,3,1745-1754,2008,Oxford University Press
"Rauh, BRADLEY; Basten, CHRISTOPHER; Buckler, E; ",Quantitative trait loci analysis of growth response to varying nitrogen sources in Arabidopsis thaliana,Theoretical and Applied Genetics,104,5,743-750,2002,Springer-Verlag Berlin/Heidelberg
"Huang, Xuehui; Wei, Xinghua; Sang, Tao; Zhao, Qiang; Feng, Qi; Zhao, Yan; Li, Canyang; Zhu, Chuanrang; Lu, Tingting; Zhang, Zhiwu; ",Genome-wide association studies of 14 agronomic traits in rice landraces,Nature genetics,42,11,961-967,2010,Nature Publishing Group US New York
"Hamblin, Martha T; Warburton, Marilyn L; Buckler, Edward S; ",Empirical comparison of simple sequence repeats and single nucleotide polymorphisms in assessment of maize diversity and relatedness,PloS one,2,12,e1367,2007,Public Library of Science
"Whitt, Sherry R; Buckler IV, Edward S; ",Using natural allelic diversity to evaluate gene function,Plant functional genomics,,,123-139,2003,"Humana Press Totowa, NJ"
"Zhao, Wei; Canaran, Payan; Jurkuta, Rebecca; Fulton, Theresa; Glaubitz, Jeffrey; Buckler, Edward; Doebley, John; Gaut, Brandon; Goodman, Major; Holland, Jim; ",Panzea: a database and resource for molecular and functional diversity in the maize genome,Nucleic acids research,34,suppl_1,D752-D757,2006,Oxford University Press
"Lin, Qing; Buckler IV, Edward S; Muse, Spencer V; Walker, John C; ",Molecular evolution of type 1 serine/threonine protein phosphatases,Molecular phylogenetics and evolution,12,1,57-66,1999,Academic Press
"Ersoz, Elhan S; Yu, Jianming; Buckler, Edward S; ",Applications of linkage disequilibrium and association mapping in crop plants,Genomics-Assisted Crop Improvement: Vol. 1: Genomics Approaches and Platforms,,,97-119,2007,Springer Netherlands Dordrecht
"Yan, Jianbing; Kandianis, Catherine Bermudez; Harjes, Carlos E; Bai, Ling; Kim, Eun-Ha; Yang, Xiaohong; Skinner, Debra J; Fu, Zhiyuan; Mitchell, Sharon; Li, Qing; ",Rare genetic variation at Zea mays crtRB1 increases β-carotene in maize grain,Nature genetics,42,4,322-327,2010,Nature Publishing Group US New York
"Zhang, Zhiwu; Ersoz, Elhan; Lai, Chao-Qiang; Todhunter, Rory J; Tiwari, Hemant K; Gore, Michael A; Bradbury, Peter J; Yu, Jianming; Arnett, Donna K; Ordovas, Jose M; ",Mixed linear model approach adapted for genome-wide association studies,Nature genetics,42,4,355-360,2010,Nature Publishing Group US New York
"Yan, Jianbing; Shah, Trushar; Warburton, Marilyn L; Buckler, Edward S; McMullen, Michael D; Crouch, Jonathan; ",Genetic characterization and linkage disequilibrium estimation of a global maize collection using SNP markers,PloS one,4,12,e8451,2009,Public Library of Science
"Bennetzen, Jeff; Buckler, Edward; Chandler, Vicki; Doebley, John; Dorweiler, Jane; Gaut, Brandon; Freeling, Michael; Hake, Sarah; Kellogg, Elizabeth; Poethig, R Scott; ",Genetic evidence and the origin of maize,Latin American Antiquity,12,1,84-86,2001,Cambridge University Press
"Tian, Feng; Stevens, Natalie M; Buckler IV, Edward S; ",Tracking footprints of maize domestication and evidence for a massive selective sweep on chromosome 10,Proceedings of the National Academy of Sciences,106,supplement_1,9979-9986,2009,National Academy of Sciences
"Glover, Jerry D; Reganold, JP; Bell, LW; Borevitz, Justin; Brummer, E Charles; Buckler, Edward S; Cox, CM; Cox, T Stan; Crews, TE; Culman, Steve William; ",Increased food and ecosystem security via perennial grains,Science,328,5986,1638-1639,2010,American Association for the Advancement of Science
"Tian, Feng; Bradbury, Peter J; Brown, Patrick J; Hung, Hsiaoyi; Sun, Qi; Flint-Garcia, Sherry; Rocheford, Torbert R; McMullen, Michael D; Holland, James B; Buckler, Edward S; ",Genome-wide association study of leaf architecture in the maize nested association mapping population,Nature genetics,43,2,159-162,2011,Nature Publishing Group US New York
"Stich, Benjamin; Yu, Jianming; Melchinger, Albrecht E; Piepho, Hans-Peter; Utz, H Friedrich; Maurer, Hans P; Buckler, Edward S; ",Power to detect higher-order epistatic interactions in a metabolic pathway using a new mapping strategy,Genetics,176,1,563-570,2007,Oxford University Press
"Kirst, Matias; Caldo, Rico; Casati, Paula; Tanimoto, Gene; Walbot, Virginia; Wise, Roger P; Buckler, Edward S; ",Genetic diversity contribution to errors in short oligonucleotide microarray analysis,Plant Biotechnology Journal,4,5,489-498,2006,"Blackwell Publishing Ltd Oxford, UK"
"Myles, Sean; Chia, Jer-Ming; Hurwitz, Bonnie; Simon, Charles; Zhong, Gan Yuan; Buckler, Edward; Ware, Doreen; ",Rapid genomic characterization of the genus Vitis,PloS one,5,1,e8219,2010,"Public Library of Science San Francisco, USA"
"Tracy, William F; Whitt, Sherry R; Buckler, Edward S; ",Recurrent mutation and genome evolution: example of Sugary1 and the origin of sweet maize,Crop Science,46,,S-49-S-54,2006,Crop Science Society of America Madison
"Elshire, Robert J; Glaubitz, Jeffrey C; Sun, Qi; Poland, Jesse A; Kawamoto, Ken; Buckler, Edward S; Mitchell, Sharon E; ","A robust, simple genotyping-by-sequencing (GBS) approach for high diversity species",PloS one,6,5,e19379,2011,Public Library of Science
"Weber, Allison L; Briggs, William H; Rucker, Jesse; Baltazar, Baltazar M; de Jesus Sánchez-Gonzalez, José; Feng, Ping; Buckler, Edward S; Doebley, John; ",The genetic architecture of complex traits in teosinte (Zea mays ssp. parviglumis): new evidence from association mapping,Genetics,180,2,1221-1232,2008,Oxford University Press
"Kump, Kristen L; Bradbury, Peter J; Wisser, Randall J; Buckler, Edward S; Belcher, Araby R; Oropeza-Rosas, Marco A; Zwonitzer, John C; Kresovich, Stephen; McMullen, Michael D; Ware, Doreen; ",Genome-wide association study of quantitative resistance to southern leaf blight in the maize nested association mapping population,Nature genetics,43,2,163-168,2011,Nature Publishing Group
"McCue, Kimberlie A; Buckler, Edward S; Holtsford, Timothy P; ",A hierarchical view of genetic structure in the rare annual plant Clarkia springvillensis,Conservation Biology,10,5,1425-1434,1996,"Blackwell Science Inc 238 Main Street, Cambridge, Massachusetts 02142"
"Gore, Michael; Bradbury, Peter; Hogers, René; Kirst, Matias; Verstege, Esther; van Oeveren, Jan; Peleman, Johan; Buckler, Edward; van Eijk, Michiel; ",Evaluation of target preparation methods for single‐feature polymorphism detection in large complex plant genomes,Crop Science,47,,S-135-S-148,2007,Crop Science Society of America Madison
"Ersoz, Elhan S; Yu, Jianming; Buckler, Edward S; ",Applications of linkage disequilibrium and association mapping in maize,Molecular genetic approaches to maize improvement,,,173-195,2009,"Springer Berlin Heidelberg Berlin, Heidelberg"
"Esch, Elisabeth; Szymaniak, Jessica M; Yates, Heather; Pawlowski, Wojciech P; Buckler, Edward S; ",Using crossover breakpoints in recombinant inbred lines to identify quantitative trait loci controlling the global recombination frequency,Genetics,177,3,1851-1858,2007,Oxford University Press
"Pressoir, Gael; Brown, Patrick J; Zhu, Wenyan; Upadyayula, Narasimham; Rocheford, Torbert; Buckler, Edward S; Kresovich, Stephen; ",Natural variation in maize architecture is mediated by allelic differences at the PINOID co‐ortholog barren inflorescence2,The Plant Journal,58,4,618-628,2009,"Blackwell Publishing Ltd Oxford, UK"
"Flint-Garcia, Sherry A; Buckler, Edward S; Tiffin, Peter; Ersoz, Elhan; Springer, Nathan M; ",Heterosis is prevalent for multiple traits in diverse maize germplasm,PloS one,4,10,e7433,2009,Public Library of Science
"Bernardo, Amy N; Bradbury, Peter J; Ma, Hongxiang; Hu, Shengwa; Bowden, Robert L; Buckler, Edward S; Bai, Guihua; ",Discovery and mapping of single feature polymorphisms in wheat using Affymetrix arrays,BMC genomics,10,1,251,2009,BioMed Central London
"Zhang, Z; Todhunter, RJ; Buckler, ES; Van Vleck, L Dale; ",Use of marker-based relationships with multiple-trait derivative-free restricted maximal likelihood,Journal of animal science,85,4,881-885,2007,Oxford University Press
"Casstevens, Terry M; Buckler, Edward S; ",GDPC: connecting researchers with multiple integrated data sources,Bioinformatics,20,16,2839-2840,2004,Oxford University Press
"Buckler, Edward; Gore, Michael; ",An Arabidopsis haplotype map takes root,Nature Genetics,39,9,1056-1057,2007,Nature Publishing Group US New York
"Myles, Sean; Boyko, Adam R; Owens, Christopher L; Brown, Patrick J; Grassi, Fabrizio; Aradhya, Mallikarjuna K; Prins, Bernard; Reynolds, Andy; Chia, Jer-Ming; Ware, Doreen; ",Genetic structure and domestication history of the grape,Proceedings of the National Academy of Sciences,108,9,3530-3535,2011,National Academy of Sciences
"Canaran, Payan; Buckler, Edward S; Glaubitz, Jeffrey C; Stein, Lincoln; Sun, Qi; Zhao, Wei; Ware, Doreen; ",Panzea: an update on new content and features,Nucleic acids research,36,suppl_1,D1041-D1043,2007,Oxford University Press
"Zhang, Zhiwu; Buckler, Edward S; Casstevens, Terry M; Bradbury, Peter J; ",Software engineering the mixed model for genome-wide association studies on large samples,Briefings in bioinformatics,10,6,664-675,2009,Oxford University Press
"Krill, Allison M; Kirst, Matias; Kochian, Leon V; Buckler, Edward S; Hoekenga, Owen A; ",Association and linkage analysis of aluminum tolerance genes in maize,Plos one,5,4,e9958,2010,Public Library of Science
"Hamblin, Martha T; Buckler, Edward S; Jannink, Jean-Luc; ",Population genetics of genomics-based crop improvement methods,Trends in genetics,27,3,98-106,2011,Elsevier
"Setter, Tim L; Yan, Jianbing; Warburton, Marilyn; Ribaut, Jean-Marcel; Xu, Yunbi; Sawkins, Mark; Buckler, Edward S; Zhang, Zhiwu; Gore, Michael A; ",Genetic association mapping identifies single nucleotide polymorphisms in genes that affect abscisic acid levels in maize floral tissues during drought,Journal of experimental botany,62,2,701-716,2011,Oxford University Press
"Zhang, Nengyi; Gur, Amit; Gibon, Yves; Sulpice, Ronan; Flint-Garcia, Sherry; McMullen, Michael D; Stitt, Mark; Buckler, Edward S; ",Genetic analysis of central carbon metabolism unveils an amino acid substitution that alters maize NAD-dependent isocitrate dehydrogenase activity,PLoS One,5,4,e9991,2010,Public Library of Science
"Zhang, Nengyi; Gibon, Yves; Gur, Amit; Chen, Charles; Lepak, Nicholas; Höhne, Melanie; Zhang, Zhiwu; Kroon, Dallas; Tschoep, Hendrik; Stitt, Mark; ",Fine quantitative trait loci mapping of carbon and nitrogen metabolism enzyme activities and seedling biomass in the maize IBM mapping population,Plant physiology,154,4,1753-1765,2010,American Society of Plant Biologists
"Jaiswal, Pankaj; Ni, Junjian; Yap, Immanuel; Ware, Doreen; Spooner, William; Youens-Clark, Ken; Ren, Liya; Liang, Chengzhi; Hurwitz, Bonnie; Zhao, Wei; ",Gramene: a genomics and genetics resource for rice,Rice Genetics Newsletter,22,1,9-16,2006,
"Du, Chunguang; Buckler, Edward; Muse, Spencer; ",Development of a maize molecular evolutionary genomic database,Comparative and functional genomics,4,2,246-249,2003,"John Wiley & Sons, Ltd. Chichester, UK"
"Poland, Jesse A; Bradbury, Peter J; Buckler, Edward S; Nelson, Rebecca J; ",Genome-wide nested association mapping of quantitative resistance to northern leaf blight in maize,Proceedings of the National Academy of Sciences,108,17,6893-6898,2011,National Academy of Sciences
"Bradbury, Peter; Kroon, Dallas; Zhang, Zhiwu; Casstevens, Terry; Buckler, EE; ","Tassel: software for analyzing trait associations, evolutionary patterns, and linkage disequilibrium","SNP Markers Symposium: Discovery, Development, Mapping, Utilization. ASA-CSSASSSA International Annual Meetings, Salt Lake City, UT",,,,2005,
"Li, Huihui; Bradbury, Peter; Ersoz, Elhan; Buckler, Edward S; Wang, Jiankang; ",Joint QTL linkage mapping for multiple-cross mating design sharing one common parent,PloS one,6,3,e17573,2011,Public Library of Science
"Hung, HY; Browne, Christopher; Guill, Katherine; Coles, Nathan; Eller, Magen; Garcia, Arturo; Lepak, Nicholas; Melia-Hancock, S; Oropeza-Rosas, M; Salvo, S; ",The relationship between parental genetic or phenotypic divergence and progeny variation in the maize nested association mapping population,Heredity,108,5,490-499,2012,Nature Publishing Group
"Bowen, Benjamin; Haudenschild, Christian; Buckler, Edward; ",Identification of genes associated with growth in plants,,,,,2003,"US Patent App. 10/338,777"
"Buckler IV, Edward St Clair; ",Maize domestication and molecular evolution,,,,,1997,University of Missouri-Columbia
"Jansson, Stefan; Buckler, Edward S; ",Genome studies and molecular genetics.,,,,,2007,
"Jaiswal, P; Ni, J; Yap, I; Ware, D; Spooner, W; Youens-Clark, K; Ren, L; Wei, X; Liang, C; Pasternak, S; ",IX. Gramene: a genomics and genetics resource for maize.,,,,,2006,
"Chen, Charles; DeClerck, Genevieve; Casstevens, Terry; Youens-Clark, Ken; Zhang, Jon; Ware, Doreen; Jaiswal, Pankaj; McCouch, Susan; Buckler, Edward; ",The gramene genetic diversity module: a resource for genotype-phenotype association analysis in grass species,Nature Precedings,,,1-1,2010,Nature Publishing Group UK London
"Buckler IV, Edward S; Ippolito, Anthony; Holtsford, Timothy P; ",The evolution of ribosomal DNA divergent paralogues and phylogenetic implications,Genetics,145,3,821-832,1997,Oxford University Press
"Wilson, Larissa M; Whitt, Sherry R; Ibaéñez, Ana M; Rocheford, Torbert R; Goodman, Major M; Buckler IV, Edward S; ",Dissection of maize kernel composition and starch production by candidate gene association,The Plant Cell,16,10,2719-2733,2004,American Society of Plant Biologists
"Vollbrecht, Erik; Springer, Patricia S; Goh, Lindee; Buckler IV, Edward S; Martienssen, Robert; ",Architecture of floral branch systems in maize and related grasses,Nature,436,7054,1119-1126,2005,Nature Publishing Group UK London
"Buckler IV, Edward S; Pearsall, Deborah M; Holtsiord, Timothy P; ","Climate, plant ecology, and Central Mexican archaic subsistence",Current Anthropology,39,1,152-164,1998,The University of Chicago Press
"Buckler IV, ES; Goodman, MM; Holtsford, TP; Doebley, JF; Sanchez G, J; ",Phylogeography of the wild subspecies of Zea mays,Maydica,51,,123-134,2006,Maydica 51 (2006): 123-134
"Buckler IV, Edward S; Pearsall, Deborah M; Holtsford, Timothy P; Missouri, Columbia; ","Zinc iodide and centrifugation allow rapid, inexpensive phytolith separation",MAIZE DOMESTICATION AND MOLECULAR EVOLUTION,,,1,1997,
"Brown, Patrick J; Upadyayula, Narasimham; Mahone, Gregory S; Tian, Feng; Bradbury, Peter J; Myles, Sean; Holland, James B; Flint-Garcia, Sherry; McMullen, Michael D; Buckler, Edward S; ",Distinct genetic architectures for male and female inflorescence traits of maize,PLoS genetics,7,11,e1002383,2011,"Public Library of Science San Francisco, USA"
"Gore, Michael A Wright; Ersoz, Mark H; Bouffard, Elhan S; Szekeres, Pascal; Jarvie, Edward S; Hurwitz, Thomas P; Narechania, Bonnie L; Harkins, Apurva; Grills, Timothy T; Ware, George S; ",Large-scale discovery of gene-enriched SNPs,The Plant Genome,2,2,121,2009,Crop Science Society of America
"Yu, Jianming Zhang; Zhu, Zhiwu; Tabanao, Chengsong; Pressoir, Dindo A; Tuinstra, Gael; Kresovich, Mitchell R; Todhunter, Stephen; Buckler, Rory J; Edward, S; ",Simulation appraisal of the adequacy of number of background markers for relationship estimation in association mapping,The Plant Genome,2,1,63,2009,Crop Science Society of America
"Zhu, Chengsong; Gore, Michael; Buckler, Edward; Yu, Jianming; ",Status and prospects of association mapping in plants,The Plant Genome,1,1,5,2008,Crop Science Society of America
"Costich, Denise E; Friebe, Bernd; Sheehan, Moira J; Casler, Michael D; Buckler, Edward S; ",Genome‐size variation in switchgrass (Panicum virgatum): Flow cytometry and cytology reveal rampant aneuploidy,The Plant Genome,3,3,,2010,Crop Science Society of America
"Cook, Jason P; McMullen, Michael D; Holland, James B; Tian, Feng; Bradbury, Peter; Ross-Ibarra, Jeffrey; Buckler, Edward S; Flint-Garcia, Sherry A; ",Genetic architecture of maize kernel composition in the nested association mapping and inbred association panels,Plant physiology,158,2,824-834,2012,American Society of Plant Biologists
"Ganal, Martin W; Durstewitz, Gregor; Polley, Andreas; Bérard, Aurélie; Buckler, Edward S; Charcosset, Alain; Clarke, Joseph D; Graner, Eva-Maria; Hansen, Mark; Joets, Johann; ","A large maize (Zea mays L.) SNP genotyping array: development and germplasm genotyping, and genetic mapping to compare with the B73 reference genome",PloS one,6,12,e28334,2011,"Public Library of Science San Francisco, USA"
"Morrell, Peter L; Buckler, Edward S; Ross-Ibarra, Jeffrey; ",Crop genomics: advances and applications,Nature Reviews Genetics,13,2,85-96,2012,Nature Publishing Group UK London
"Zhang, Z; Mateescu, RG; Lust, G; Phavaphutanon, J; Tsai, K; Murphy, K; Todhunter, RJ; Buckler, ES; ",Association mapping accounting for background QTLs: relationship based on pedigree vs. molecular markers.,,,,,2006,
"Chia, Jer-Ming; Song, Chi; Bradbury, Peter J; Costich, Denise; De Leon, Natalia; Doebley, John; Elshire, Robert J; Gaut, Brandon; Geller, Laura; Glaubitz, Jeffrey C; ",Maize HapMap2 identifies extant variation from a genome in flux,Nature genetics,44,7,803-807,2012,Nature Publishing Group US New York
"Hufford, Matthew B; Xu, Xun; Van Heerwaarden, Joost; Pyhäjärvi, Tanja; Chia, Jer-Ming; Cartwright, Reed A; Elshire, Robert J; Glaubitz, Jeffrey C; Guill, Kate E; Kaeppler, Shawn M; ",Comparative population genomics of maize domestication and improvement,Nature genetics,44,7,808-811,2012,Nature Publishing Group US New York
"Li, Xianran; Zhu, Chengsong; Yeh, Cheng-Ting; Wu, Wei; Takacs, Elizabeth M; Petsch, Katherine A; Tian, Feng; Bai, Guihua; Buckler, Edward S; Muehlbauer, Gary J; ",Genic and nongenic contributions to natural variation of quantitative traits in maize,Genome research,22,12,2436-2444,2012,Cold Spring Harbor Lab
"Hung, Hsiao-Yi; Shannon, Laura M; Tian, Feng; Bradbury, Peter J; Chen, Charles; Flint-Garcia, Sherry A; McMullen, Michael D; Ware, Doreen; Buckler, Edward S; Doebley, John F; ",ZmCCT and the genetic basis of day-length adaptation underlying the postdomestication spread of maize,Proceedings of the National Academy of Sciences,109,28,E1913-E1921,2012,National Academy of Sciences
"Lipka, Alexander E; Tian, Feng; Wang, Qishan; Peiffer, Jason; Li, Meng; Bradbury, Peter J; Gore, Michael A; Buckler, Edward S; Zhang, Zhiwu; ",GAPIT: genome association and prediction integrated tool,Bioinformatics,28,18,2397-2399,2012,Oxford University Press
"Ersoz, Elhan S; Wright, Mark H; Pangilinan, Jasmyn L; Sheehan, Moira J; Tobias, Christian; Casler, Michael D; Buckler, Edward S; Costich, Denise E; ",SNP discovery with EST and NextGen sequencing in switchgrass (Panicum virgatum L.),,,,,2012,"Public Library of Science San Francisco, USA"
"Rocheford, Torbert; Kandianis, Cathy; Stevens, Robyn; Buckler, Ed; ",Molecular Breeding Strategies for Enhancing Nutritional Quality.,"ASA-CSSA-SSSA International Annual Meetings (November 4-8, 2007)",,,,2007,ASA-CSSA-SSSA
"Chandler, Kristin; Lipka, Alexander E; Owens, Brenda F; Li, Huihui; Buckler, Edward S; Rocheford, Torbert; Gore, Michael A; ",Genetic analysis of visually scored orange kernel color in maize,Crop Science,53,1,189-200,2013,"The Crop Science Society of America, Inc."
"Chen, Charles; DeClerck, Genevieve; Tian, Feng; Spooner, William; McCouch, Susan; Buckler, Edward; ","PICARA, an analytical pipeline providing probabilistic inference about a priori candidates genes underlying genome-wide association QTL in plants",PloS one,7,11,e46596,2012,"Public Library of Science San Francisco, USA"
"Varshney, Rajeev K; Ribaut, Jean-Marcel; Buckler, Edward S; Tuberosa, Roberto; Rafalski, J Antoni; Langridge, Peter; ",Can genomics boost productivity of orphan crops?,Nature biotechnology,30,12,1172-1176,2012,Nature Publishing Group US New York
"Morris, Geoffrey P; Ramu, Punna; Deshpande, Santosh P; Hash, C Thomas; Shah, Trushar; Upadhyaya, Hari D; Riera-Lizarazu, Oscar; Brown, Patrick J; Acharya, Charlotte B; Mitchell, Sharon E; ",Population genomic and genome-wide association studies of agroclimatic traits in sorghum,Proceedings of the National Academy of Sciences,110,2,453-458,2013,National Academy of Sciences
"Lu, Fei; Lipka, Alexander E; Glaubitz, Jeff; Elshire, Rob; Cherney, Jerome H; Casler, Michael D; Buckler, Edward S; Costich, Denise E; ","Switchgrass genomic diversity, ploidy, and evolution: novel insights from a network-based SNP discovery protocol",PLoS genetics,9,1,e1003215,2013,"Public Library of Science San Francisco, USA"
"Larsson, Sara J; Lipka, Alexander E; Buckler, Edward S; ",Lessons from Dwarf8 on the strengths and weaknesses of structured association mapping,PLoS Genetics,9,2,e1003246,2013,"Public Library of Science San Francisco, USA"
"Wallace, JG; Larsson, SJ; Buckler, ES; ",Entering the second century of maize quantitative genetics,Heredity,112,1,30-38,2014,Nature Publishing Group
"Maron, Lyza G; Guimarães, Claudia T; Kirst, Matias; Albert, Patrice S; Birchler, James A; Bradbury, Peter J; Buckler, Edward S; Coluccio, Alison E; Danilova, Tatiana V; Kudrna, David; ",Aluminum tolerance in maize is associated with higher MATE1 gene copy number,Proceedings of the National Academy of Sciences,110,13,5241-5246,2013,National Academy of Sciences
"Szalma, SJ; Buckler Iv, ES; Snook, ME; McMullen, MD; ",Association analysis of candidate genes for maysin and chlorogenic acid accumulation in maize silks,Theoretical and Applied Genetics,110,7,1324-1333,2005,Springer-Verlag Berlin/Heidelberg
"Peiffer, Jason A; Spor, Aymé; Koren, Omry; Jin, Zhao; Tringe, Susannah Green; Dangl, Jeffery L; Buckler, Edward S; Ley, Ruth E; ",Diversity and heritability of the maize rhizosphere microbiome under field conditions,Proceedings of the National Academy of Sciences,110,16,6548-6553,2013,National Academy of Sciences
"Mwaniki, Angela Muthoni; Cheng, Zhiqiang; Hoekenga, Owen; Buckler, Edward; Kochian, Leon; Glahn, Raymond; ",Genetic and biochemical analysis of iron bioavailability in maize,,,,,2006,Federation of American Societies for Experimental Biology
"Buckler IV, Edward S; Cherney, Jerome H; Casler, Michael D; ",Developing Association Mapping in Polyploid Perennial Biofuel Grasses (Final Technical Report),,,,,2012,"US Dept. of Agriculture (USDA), Ithaca, NY (United States). Agricultural …"
"Peiffer, Jason A; Flint-Garcia, Sherry A; De Leon, Natalia; McMullen, Michael D; Kaeppler, Shawn M; Buckler, Edward S; ",The genetic architecture of maize stalk strength,Plos one,8,6,e67066,2013,Public Library of Science
"Gore, Michael; Bradbury, Peter; Hogers, René; Kirst, Matias; Verstege, Esther; van Oeveren, Jan; Peleman, Johan; Buckler, Edward; van Eijk, Michiel JT; ",Optimized Target Preparation Method for Single-Feature Polymorphism Detection in Maize.,,,,,2006,
"Meihls, Lisa N; Handrick, Vinzenz; Glauser, Gaetan; Barbier, Hugues; Kaur, Harleen; Haribal, Meena M; Lipka, Alexander E; Gershenzon, Jonathan; Buckler, Edward S; Erb, Matthias; ","Natural variation in maize aphid resistance is associated with 2, 4-dihydroxy-7-methoxy-1, 4-benzoxazin-3-one glucoside methyltransferase activity",The Plant Cell,25,6,2341-2355,2013,American Society of Plant Biologists
"McCouch, Susan; Baute, Gregory J; Bradeen, James; Bramel, Paula; Bretting, Peter K; Buckler, Edward; Burke, John M; Charest, David; Cloutier, Sylvie; Cole, Glenn; ",Feeding the future,Nature,499,7456,23-24,2013,Nature Publishing Group UK London
"Chen, Charles; Mitchell, Sharon E; Elshire, Robert J; Buckler, Edward S; El-Kassaby, Yousry A; ",Mining conifers’ mega-genome using rapid and efficient multiplexed high-throughput genotyping-by-sequencing (GBS) SNP discovery platform,Tree Genetics & Genomes,9,6,1537-1544,2013,Springer Berlin Heidelberg Berlin/Heidelberg
"Morris, Geoffrey P; Rhodes, Davina H; Brenton, Zachary; Ramu, Punna; Thayil, Vinayan Madhumal; Deshpande, Santosh; Hash, C Thomas; Acharya, Charlotte; Mitchell, Sharon E; Buckler, Edward S; ",Dissecting genome-wide association signals for loss-of-function phenotypes in sorghum flavonoid pigmentation traits,"G3: Genes, genomes, genetics",3,11,2085-2094,2013,Oxford University Press
"Miller, Allison J; Matasci, Naim; Schwaninger, Heidi; Aradhya, Mallikarjuna K; Prins, Bernard; Zhong, Gan-Yuan; Simon, Charles; Buckler, Edward S; Myles, Sean; ",Vitis phylogenomics: hybridization intensities from a SNP array outperform genotype calls,PloS one,8,11,e78680,2013,Public Library of Science
"Sawler, Jason; Reisch, Bruce; Aradhya, Mallikarjuna K; Prins, Bernard; Zhong, Gan-Yuan; Schwaninger, Heidi; Simon, Charles; Buckler, Edward; Myles, Sean; ",Genomics assisted ancestry deconvolution in grape,PloS one,8,11,e80791,2013,"Public Library of Science San Francisco, USA"
"Chitwood, Daniel H; Ranjan, Aashish; Martinez, Ciera C; Headland, Lauren R; Thiem, Thinh; Kumar, Ravi; Covington, Michael F; Hatcher, Tommy; Naylor, Daniel T; Zimmerman, Sharon; ",A modern ampelography: a genetic basis for leaf shape and venation patterning in grape,Plant physiology,164,1,259-272,2014,American Society of Plant Biologists
"Buckler, Edward S; Stevens, Natalie M; ","Maize origins, domestication, and selection","Darwin’s Harvest: New Approaches to the Origin, Evolution, and Conservation of Crops, edited by TJ Motley, N. Zerega, and H. Cross",,,67-91,2006,
"Glaubitz, Jeffrey C; Casstevens, Terry M; Lu, Fei; Harriman, James; Elshire, Robert J; Sun, Qi; Buckler, Edward S; ",TASSEL-GBS: a high capacity genotyping by sequencing analysis pipeline,PloS one,9,2,e90346,2014,Public Library of Science
"Lawton-Rauh, Amy L; Buckler 4th, ES; Purugganan, Michael D; ",Patterns of molecular evolution among paralogous floral homeotic genes.,Molecular Biology and Evolution,16,8,1037-1045,1999,Oxford University Press
"Romay, Maria C; Millard, Mark J; Glaubitz, Jeffrey C; Peiffer, Jason A; Swarts, Kelly L; Casstevens, Terry M; Elshire, Robert J; Acharya, Charlotte B; Mitchell, Sharon E; Flint-Garcia, Sherry A; ",Comprehensive genotyping of the USA national maize inbred seed bank,Genome biology,14,6,R55,2013,BioMed Central London
"Peiffer, Jason A; Romay, Maria C; Gore, Michael A; Flint-Garcia, Sherry A; Zhang, Zhiwu; Millard, Mark J; Gardner, Candice AC; McMullen, Michael D; Holland, James B; Bradbury, Peter J; ",The genetic architecture of maize height,Genetics,196,4,1337-1356,2014,Oxford University Press
"Candice N. Hirsch, Sherry A. Flint-Garcia, Timothy M. Beissinger, Steven R. Eichten, Shweta Deshpande, Kerrie Barry, Michael D. McMullen, James B. Holland, Edward S. Buckler, Nathan M. Springer, C. Robin Buell, Natalia de Leon, and Shawn M. Kaeppler; ",Insights into the Effects of Long-Term Artificial Selection on Seed Size in Maize,Genetics,,,,2014,
"Liu, Kejun; Goodman, Major; Muse, Spencer; Smith, J Stephen; Buckler, ED; Doebley, John; ",Genetic structure and diversity among maize inbred lines as inferred from DNA microsatellites,Genetics,165,4,2117-2128,2003,Oxford University Press
"Jaenicke-Despres, Viviane; Buckler, Ed S; Smith, Bruce D; Gilbert, M Thomas P; Cooper, Alan; Doebley, John; Paabo, Svante; ",Early allelic selection in maize as revealed by ancient DNA,Science,302,5648,1206-1208,2003,American Association for the Advancement of Science
"Youens-Clark, Ken; Buckler, Ed; Casstevens, Terry; Chen, Charles; DeClerck, Genevieve; Derwent, Paul; Dharmawardhana, Palitha; Jaiswal, Pankaj; Kersey, Paul; Karthikeyan, AS; ",Gramene database in 2010: updates and extensions,Nucleic acids research,39,suppl_1,D1085-D1094,2010,Oxford University Press
"Crossa, José; Beyene, Yoseph; Kassa, Semagn; Pérez, Paulino; Hickey, John M; Chen, Charles; De Los Campos, Gustavo; Burgueño, Juan; Windhausen, Vanessa S; Buckler, Ed; ",Genomic prediction in maize breeding populations with genotyping-by-sequencing,"G3: Genes, genomes, genetics",3,11,1903-1926,2013,Oxford University Press
"Buckler, Ed; Doebley, John; Gaut, Brandon; Goodman, Major; Kresovich, S; Muse, Spencer; Weir, Bruce; ",Evolutionary genomics of maize.,,,,,2002,
"Jaenicke-Despres, V; Buckler, ES; Smith, BD; Gilbert, MTP; Cooper, A; Doebley, J; Paabo, S; ",Agriculture: Early Allelic Selection in Maize as Revealed by Ancient DNA,SCIENCE-NEW YORK THEN WASHINGTON-,,,1206-1207,2003,AMERICAN ASSOCIATION FOR THE ADVANCEMENT OF SCIENCE
"Yu, Jianming; Tabanao, Dindo; Zhang, Zhiwu; Pressoir, Gael; Kresovich, Stephen; Buckler, Ed; ",Association mapping with diverse germplasm.,,,,,2006,
"Owens, Brenda F; Lipka, Alexander E; Magallanes-Lundback, Maria; Tiede, Tyler; Diepenbrock, Christine H; Kandianis, Catherine B; Kim, Eunha; Cepela, Jason; Mateos-Hernandez, Maria; Buell, C Robin; ",A foundation for provitamin A biofortification of maize: genome-wide association and genomic prediction models of carotenoid levels,Genetics,198,4,1699-1716,2014,Oxford University Press
"Swarts, Kelly; Li, Huihui; Romero Navarro, J Alberto; An, Dong; Romay, Maria Cinta; Hearne, Sarah; Acharya, Charlotte; Glaubitz, Jeffrey C; Mitchell, Sharon; Elshire, Robert J; ","Novel methods to optimize genotypic imputation for low‐coverage, next‐generation sequence data in crop plants",The Plant Genome,7,3,plantgenome2014.05.0023,2014,Crop Science Society of America
"Wallace, Jason G; Bradbury, Peter J; Zhang, Nengyi; Gibon, Yves; Stitt, Mark; Buckler, Edward S; ",Association mapping across numerous traits reveals patterns of functional variation in maize,PLoS genetics,10,12,e1004845,2014,"Public Library of Science San Francisco, USA"
"Lipka, Alexander E; Lu, Fei; Cherney, Jerome H; Buckler, Edward S; Casler, Michael D; Costich, Denise E; ",Accelerating the switchgrass (Panicum virgatum L.) breeding cycle using genomic selection approaches,PloS one,9,11,e112227,2014,Public Library of Science
"Yan, Jian; Lipka, Alexander E; Schmelz, Eric A; Buckler, Edward S; Jander, Georg; ",Accumulation of 5-hydroxynorvaline in maize (Zea mays) leaves is induced by insect feeding and abiotic stress,Journal of Experimental Botany,66,2,593-602,2015,Oxford University Press
"Li, Meng; Liu, Xiaolei; Bradbury, Peter; Yu, Jianming; Zhang, Yuan-Ming; Todhunter, Rory J; Buckler, Edward S; Zhang, Zhiwu; ",Enrichment of statistical power for genome-wide association studies,BMC biology,12,1,73,2014,BioMed Central London
"Wang, Qishan; Tian, Feng; Pan, Yuchun; Buckler, Edward S; Zhang, Zhiwu; ",A SUPER powerful method for genome wide association study,PloS one,9,9,e107684,2014,Public Library of Science
"Zhang, Xuecai; Pérez-Rodríguez, P; Semagn, K; Beyene, Y; Babu, R; López-Cruz, MA; San Vicente, F; Olsen, M; Buckler, E; Jannink, JL; ",Genomic prediction in biparental tropical maize populations in water-stressed and well-watered environments using low-density and GBS SNPs,Heredity,114,3,291-299,2015,Nature Publishing Group
"Rodgers-Melnick, Eli; Bradbury, Peter J; Elshire, Robert J; Glaubitz, Jeffrey C; Acharya, Charlotte B; Mitchell, Sharon E; Li, Chunhui; Li, Yongxiang; Buckler, Edward S; ","Recombination in diverse maize is stable, predictable, and associated with genetic load",Proceedings of the National Academy of Sciences,112,12,3823-3828,2015,National Academy of Sciences
"Li, Chunhui; Li, Yongxiang; Shi, Yunsu; Song, Yanchun; Zhang, Dengfeng; Buckler, Edward S; Zhang, Zhiwu; Wang, Tianyu; Li, Yu; ",Genetic control of the leaf angle and leaf orientation value as revealed by ultra-high density maps in three connected maize populations,Plos one,10,3,e0121624,2015,Public Library of Science
"Zila, Charles T; Ogut, Funda; Romay, Maria C; Gardner, Candice A; Buckler, Edward S; Holland, James B; ",Genome-wide association study of Fusarium ear rot disease in the USA maize inbred line collection,BMC plant biology,14,1,372,2014,BioMed Central London
"Takuno, Shohei; Ralph, Peter; Swarts, Kelly; Elshire, Rob J; Glaubitz, Jeffrey C; Buckler, Edward S; Hufford, Matthew B; Ross-Ibarra, Jeffrey; ",Independent molecular basis of convergent highland adaptation in maize,Genetics,200,4,1297-1312,2015,Oxford University Press
"Myles, Sean; Mahanil, Siraprapa; Harriman, James; Gardner, Kyle M; Franklin, Jeffrey L; Reisch, Bruce I; Ramming, David W; Owens, Christopher L; Li, Lin; Buckler, Edward S; ",Genetic mapping in grapevine using SNP microarray intensity values,Molecular breeding,35,3,88,2015,Springer Netherlands Dordrecht
"Wallace, Jason G; Upadhyaya, Hari D; Vetriventhan, M; Buckler, Edward S; Tom Hash, C; Ramu, Punna; ",The genetic makeup of a global barnyard millet germplasm collection,The Plant Genome,8,1,plantgenome2014.10.0067,2015,Crop Science Society of America
"Lu, Fei; Romay, Maria C; Glaubitz, Jeffrey C; Bradbury, Peter J; Elshire, Robert J; Wang, Tianyu; Li, Yu; Li, Yongxiang; Semagn, Kassa; Zhang, Xuecai; ",High-resolution genetic mapping of maize pan-genome sequence anchors,Nature communications,6,1,6914,2015,Nature Publishing Group UK London
"Ramstein, Guillaume P; Lipka, Alexander E; Lu, Fei; Costich, Denise E; Cherney, Jerome H; Buckler, Edward S; Casler, Michael D; ",Genome-wide association study based on multiple imputation with low-depth sequencing data: application to biofuel traits in reed canarygrass,"G3: Genes, Genomes, Genetics",5,5,891-909,2015,Oxford University Press
"Lasky, Jesse R; Upadhyaya, Hari D; Ramu, Punna; Deshpande, Santosh; Hash, C Tom; Bonnette, Jason; Juenger, Thomas E; Hyma, Katie; Acharya, Charlotte; Mitchell, Sharon E; ",Genome-environment associations in sorghum landraces predict adaptive traits,Science advances,1,6,e1400218,2015,American Association for the Advancement of Science
"Zhang, Nengyi; Gibon, Yves; Wallace, Jason G; Lepak, Nicholas; Li, Pinghua; Dedow, Lauren; Chen, Charles; So, Yoon-Sup; Kremling, Karl; Bradbury, Peter J; ",Genome-wide association of carbon and nitrogen metabolism in the maize nested association mapping population,Plant Physiology,168,2,575-583,2015,American Society of Plant Biologists
"Li, Chunhui; Li, Yongxiang; Bradbury, Peter J; Wu, Xun; Shi, Yunsu; Song, Yanchun; Zhang, Dengfeng; Rodgers-Melnick, Eli; Buckler, Edward S; Zhang, Zhiwu; ",Construction of high-quality recombination maps with low-coverage genomic sequencing for joint linkage analysis in maize,BMC biology,13,1,78,2015,BioMed Central London
"Liu, Zhengbin; Cook, Jason; Melia‐Hancock, Susan; Guill, Katherine; Bottoms, Christopher; Garcia, Arturo; Ott, Oliver; Nelson, Rebecca; Recker, Jill; Balint‐Kurti, Peter; ",Expanding maize genetic resources with predomestication alleles: maize–teosinte introgression populations,The plant genome,9,1,plantgenome2015.07.0053,2016,Crop Science Society of America
"Upadhyaya, Hari D; Vetriventhan, Mani; Deshpande, Santosh P; Sivasubramani, Selvanayagam; Wallace, Jason G; Buckler, Edward S; Hash, C Tom; Ramu, Punna; ",Population genetics and structure of a global foxtail millet germplasm collection,The Plant Genome,8,3,plantgenome2015.07.0054,2015,Crop Science Society of America
"Bukowski, Robert; Guo, Xiaosen; Lu, Yanli; Zou, Cheng; He, Bing; Rong, Zhengqin; Wang, Bo; Xu, Dawen; Yang, Bicheng; Xie, Chuanxiao; ",Construction of the third-generation Zea mays haplotype map,Gigascience,7,4,gix134,2018,Oxford University Press
"Liu, Xiaolei; Huang, Meng; Fan, Bin; Buckler, Edward S; Zhang, Zhiwu; ",Iterative usage of fixed and random effect models for powerful and efficient genome-wide association studies,PLoS genetics,12,2,e1005767,2016,"Public Library of Science San Francisco, CA USA"
"Wu, Xun; Li, Yongxiang; Shi, Yunsu; Song, Yanchun; Zhang, Dengfeng; Li, Chunhui; Buckler, Edward S; Li, Yu; Zhang, Zhiwu; Wang, Tianyu; ",Joint‐linkage mapping and GWAS reveal extensive genetic loci that regulate male inflorescence size in maize,Plant biotechnology journal,14,7,1551-1562,2016,
,"The Collaborative Cross, a community resource for the genetic analysis of complex traits",Nature genetics,36,11,1133-1137,2004,Nature Publishing Group US New York
"Li, Yong‐xiang; Li, Chunhui; Bradbury, Peter J; Liu, Xiaolei; Lu, Fei; Romay, Cinta M; Glaubitz, Jeffrey C; Wu, Xun; Peng, Bo; Shi, Yunsu; ",Identification of genetic variants associated with maize flowering time using an extremely large multi‐genetic background population,The Plant Journal,86,5,391-402,2016,
"Bergelson, Joy; Buckler, Edward S; Ecker, Joseph R; Nordborg, Magnus; Weigel, Detlef; ",A proposal regarding best practices for validating the identity of genetic stocks and the effects of genetic variants,The Plant Cell,28,3,606-609,2016,American Society of Plant Biologists
"Lipka, Alexander; Gore, Michael; Magallanes-Lundback, Maria; Mesberg, Alex; Lin, Haining; Tiede, Tyler; Chen, Charles; Buell, Robin; Buckler, Edward; Rocheford, Torbert; ",Genome-wide association study and pathway level analysis of tocochromanol levels in maize grain,"Genes, Genomes, Genetics",10,,g3,2013,
"Rodgers-Melnick, Eli; Vera, Daniel L; Bass, Hank W; Buckler, Edward S; ",Open chromatin reveals the functional maize genome,Proceedings of the National Academy of Sciences,113,22,E3177-E3184,2016,National Academy of Sciences
"Handrick, Vinzenz; Robert, Christelle AM; Ahern, Kevin R; Zhou, Shaoqun; Machado, Ricardo AR; Maag, Daniel; Glauser, Gaetan; Fernandez-Penny, Felix E; Chandran, Jima N; Rodgers-Melnik, Eli; ",Biosynthesis of 8-O-methylated benzoxazinoid defense compounds in maize,The Plant Cell,28,7,1682-1700,2016,American Society of Plant Biologists
"Tang, You; Liu, Xiaolei; Wang, Jiabo; Li, Meng; Wang, Qishan; Tian, Feng; Su, Zhongbin; Pan, Yuchun; Liu, Di; Lipka, Alexander E; ",GAPIT version 2: an enhanced integrated tool for genomic association and prediction,The plant genome,9,2,plantgenome2015.11.0120,2016,Crop Science Society of America
"Punnuri, Somashekhar M; Wallace, Jason G; Knoll, Joseph E; Hyma, Katie E; Mitchell, Sharon E; Buckler, Edward S; Varshney, Rajeev K; Singh, Bharat P; ",Development of a High-Density Linkage Map and Tagging Leaf Spot Resistance in Pearl Millet Using Genotyping-by-Sequencing Markers,The Plant Genome,9,2,1-13,2016,Crop Science Society of America
"Toubiana, David; Xue, Wentao; Zhang, Nengyi; Kremling, Karl; Gur, Amit; Pilosof, Shai; Gibon, Yves; Stitt, Mark; Buckler, Edward S; Fernie, Alisdair R; ",Correlation-based network analysis of metabolite and enzyme profiles reveals a role of citrate biosynthesis in modulating N and C metabolism in Zea mays,Frontiers in Plant Science,7,,1022,2016,Frontiers Media SA
"McCaw, Morgan E; Wallace, Jason G; Albert, Patrice S; Buckler, Edward S; Birchler, James A; ",Fast-flowering mini-maize: seed to seed in 60 days,Genetics,204,1,35-42,2016,Oxford University Press
"Li, Chunhui; Li, Yongxiang; Shi, Yunsu; Song, Yanchun; Zhang, Dengfeng; Buckler, Edward S; Zhang, Zhiwu; Li, Yu; Wang, Tianyu; ","Analysis of recombination QTLs, segregation distortion, and epistasis for fitness in maize multiple populations using ultra-high-density markers",Theoretical and applied genetics,129,9,1775-1784,2016,Springer Berlin Heidelberg Berlin/Heidelberg
"Wallace, Jason G; Zhang, Xuecai; Beyene, Yoseph; Semagn, Kassa; Olsen, Michael; Prasanna, Boddupalli M; Buckler, Edward S; ",Genome‐wide association for plant height and flowering time across 15 tropical maize populations under managed drought stress and well‐watered conditions in Sub‐Saharan Africa,Crop Science,56,5,2365-2378,2016,"The Crop Science Society of America, Inc."
"Zhang, Dong; Pitra, Nicholi J; Coles, Mark C; Buckler, Edward S; Matthews, Paul D; ",Non-Mendelian inheritance of SNP markers reveals extensive chromosomal translocations in dioecious hops (Humulus lupulus L.),bioRxiv,,,069849,2016,Cold Spring Harbor Laboratory
"Esuma, Williams; Herselman, Liezel; Labuschagne, Maryke Tine; Ramu, Punna; Lu, Fei; Baguma, Yona; Buckler, Edward S; Kawuki, Robert Sezi; ",Genome-wide association mapping of provitamin A carotenoid content in cassava,Euphytica,212,1,97-110,2016,Springer Netherlands Dordrecht
"Richter, Annett; Schaff, Claudia; Zhang, Zhiwu; Lipka, Alexander E; Tian, Feng; Köllner, Tobias G; Schnee, Christiane; Preiß, Susanne; Irmisch, Sandra; Jander, Georg; ",Characterization of biosynthetic pathways for the production of the volatile homoterpenes DMNT and TMTT in Zea mays,The Plant Cell,28,10,2651-2665,2016,American Society of Plant Biologists
"Ramu, Punna; Esuma, Williams; Kawuki, Robert; Rabbi, Ismail Y; Egesi, Chiedozie; Bredeson, Jessen V; Bart, Rebecca S; Verma, Janu; Buckler, Edward S; Lu, Fei; ",Cassava HapMap: Masking deleterious mutations in a clonal crop species,bioRxiv,,,,2016,
"Hirsch, Candice N; Hirsch, Cory D; Brohammer, Alex B; Bowman, Megan J; Soifer, Ilya; Barad, Omer; Shem-Tov, Doron; Baruch, Kobi; Lu, Fei; Hernandez, Alvaro G; ",Draft assembly of elite inbred line PH207 provides insights into genomic and transcriptome diversity in maize,The Plant Cell,28,11,2700-2714,2016,American Society of Plant Biologists
"Swarts, Kelly; Bauer, Eva; Glaubitz, Jeffrey C; Ho, Tiffany; Johnson, Lynn; Li, Yongxiang; Li, Yu; Miller, Zachary; Romay, Cinta; Schöen, Chris-Carolin; ",A large scale joint analysis of flowering time reveals independent temperate adaptations in maize,BioRxiv,,,086082,2016,Cold Spring Harbor Laboratory
"Buckler, Edward S; Ilut, Daniel C; Wang, Xiaoyun; Kretzschmar, Tobias; Gore, Michael; Mitchell, Sharon E; ",rAmpSeq: Using repetitive sequences for robust genotyping,BioRxiv,,,096628,2016,Cold Spring Harbor Laboratory
"Romero-Navarro, J Alberto; Wilcox, Martha; Burgueño, Juan; Romay, Cinta; Swarts, Kelly; Trachsel, Samuel; Preciado, Ernesto; Terron, Arturo; Vallejo Delgado, Humberto; Vidal, Victor; ",Identifying the diamond in the rough: a study of allelic diversity underlying flowering time adaptation in maize landraces,bioRxiv,,,092528,2016,Cold Spring Harbor Laboratory
"Romero Navarro, J Alberto; Willcox, Martha; Burgueño, Juan; Romay, Cinta; Swarts, Kelly; Trachsel, Samuel; Preciado, Ernesto; Terron, Arturo; Delgado, Humberto Vallejo; Vidal, Victor; ",A study of allelic diversity underlying flowering-time adaptation in maize landraces,Nature genetics,49,3,476-480,2017,Nature Publishing Group US New York
"Yang, Jinliang; Mezmouk, Sofiane; Baumgarten, Andy; Buckler, Edward S; Guill, Katherine E; McMullen, Michael D; Mumm, Rita H; Ross-Ibarra, Jeffrey; ",Incomplete dominance of deleterious alleles contributes substantially to trait variation and heterosis in maize,PLoS genetics,13,9,e1007019,2017,Public Library of Science
"Ramu, Punna; Esuma, Williams; Kawuki, Robert; Rabbi, Ismail Y; Egesi, Chiedozie; Bredeson, Jessen V; Bart, Rebecca S; Verma, Janu; Buckler, Edward S; Lu, Fei; ",Cassava haplotype map highlights fixation of deleterious mutations during clonal propagation,Nature Genetics,49,,959–963,2017,
"Zhang, Xuecai; Pérez-Rodríguez, Paulino; Burgueño, Juan; Olsen, Michael; Buckler, Edward; Atlin, Gary; Prasanna, Boddupalli M; Vargas, Mateo; San Vicente, Félix; Crossa, José; ",Rapid cycling genomic selection in a multiparental tropical maize population,"G3: Genes, Genomes, Genetics",7,7,2315-2326,2017,Oxford University Press
"Flint-Garcia, Sherry A; Thornsberry, Jeffry M; Buckler IV, Edward S; ",Structure of linkage disequilibrium in plants,Annual review of plant biology,54,1,357-374,2003,"Annual Reviews 4139 El Camino Way, PO Box 10139, Palo Alto, CA 94303-0139, USA"
"Swarts, Kelly; Gutaker, Rafal M; Benz, Bruce; Blake, Michael; Bukowski, Robert; Holland, James; Kruse-Peeples, Melissa; Lepak, Nicholas; Prim, Lynda; Romay, M Cinta; ",Genomic estimation of complex traits reveals ancient maize adaptation to temperate North America,Science,357,6350,512-515,2017,American Association for the Advancement of Science
"Li, Chunhui; Sun, Baocheng; Li, Yongxiang; Liu, Cheng; Wu, Xun; Zhang, Dengfeng; Shi, Yunsu; Song, Yanchun; Buckler, Edward S; Zhang, Zhiwu; ",Numerous genetic loci identified for drought tolerance in the maize nested association mapping populations,BMC genomics,17,1,894,2016,BioMed Central London
"Strable, Josh; Wallace, Jason G; Unger-Wallace, Erica; Briggs, Sarah; Bradbury, Peter J; Buckler, Edward S; Vollbrecht, Erik; ",Maize YABBY genes drooping leaf1 and drooping leaf2 regulate plant architecture,The Plant Cell,29,7,1622-1641,2017,American Society of Plant Biologists
"Migicovsky, Zoë; Sawler, Jason; Gardner, Kyle M; Aradhya, Mallikarjuna K; Prins, Bernard H; Schwaninger, Heidi R; Bustamante, Carlos D; Buckler, Edward S; Zhong, Gan-Yuan; Brown, Patrick J; ",Patterns of genomic and phenomic diversity in wine and table grapes,Horticulture research,4,,,2017,Oxford Academic
"Larsson, Sara J; Peiffer, Jason A; Edwards, Jode W; Ersoz, Elhan S; Flint-Garcia, Sherry; Holland, James B; McMullen, Michael D; Tuinstra, Mitchell R; Romay, M Cinta; Buckler, Edward S; ",Genetic analysis of lodging in diverse maize hybrids,BioRxiv,,,185769,2017,Cold Spring Harbor Laboratory
"Wallace, Jason G; Rodgers-Melnick, Eli; Buckler, Edward S; ","On the road to breeding 4.0: unraveling the good, the bad, and the boring of crop quantitative genomics",Annual review of genetics,52,1,421-444,2018,Annual Reviews
"Glover, JD; Reganold, JP; Bell, LW; Borevitz, J; Brummer, E Charles; Buckler, ES; Cox, CM; Cox, TS; Crews, TE; Culman, SW; ",Perennial Questions of Hydrology and Climate—Response,Science,330,6000,33-34,2010,American Association for the Advancement of Science
"Cook, JP; McMullen, Michael D; Holland, James B; Tian, Feng; Bradbury, Peter; Ross-Ibarra, Jeffrey; Buckler, Edward S; Flint-Garcia, Sherry A; Wichman, DM; Martin, JM; ",Jason P. Cook,Montana,406,,451-1501,,
"Buckler, Ed; ",Large scale genotyping and association studies,"Proc. ASA-CSSA-SSSA Int. Annu. Meet., Indianapolis, IN",,,12-16,2006,
"Swarts, Kelly; Li, Huihui; Navarro, J Alberto Romero; An, Dong; Romay, Maria Cinta; Hearne, Sarah; Acharya, Charlotte; Glaubitz, Jeffrey C; Mitchell, Sharon; Elshire, Robert J; ","FSFHap (Full-Sib Family Haplotype Imputation) and FILLIN (Fast, Inbred Line",Hum. Genet,81,3,559-575,2008,
"Buckler, ED; ",Uniting the world’s maize diversity for dissection of complex trait and accelerating breeding,Maize Diversity Project,,,3,2009,
"Lipka, Alexander E; Magallanes-Lundback, Maria; Mesberg, Alex; Bradbury, Peter; Angelovici, Ruthie; Jorge, S Gonzalez; Tiede, Tyler; Cepela, Jason; Buell, C Robin; Rocheford, Torbert; ",High-resolution mapping of tocochromanol and carotenoid grain traits via NAMGWAS reveals distinct genetic architectures in maize,"55th Annual Maize Genetics Conference., St. Charles, IL",,,14-17,2013,
"BUCKLER, ES; ",Edward Buckler Lab: Maize Diversity Research,http://www. maizegenetics. net/bioinformatics,,,,2007,
"Romero, A; Hickey, J; Kilian, A; Buckler, E; Marshall, DS; Crossa, J; Petroli, C; Sansaloni, C; Molnar, TL; Pixley, KV; ",From genebank to field-leveraging genomics to identify and bring novel native variation to breeding pools,,,,,2016,CIMMYT
"Glaubitz, J; Lu, F; Buckler, E; ",The use of GBS to improve genome assembly,PHYTOPATHOLOGY,104,11,153-153,2014,"AMER PHYTOPATHOLOGICAL SOC 3340 PILOT KNOB ROAD, ST PAUL, MN 55121 USA"
"Varshney, Rajeev K; Shi, Chengcheng; Thudi, Mahendar; Mariac, Cedric; Wallace, Jason; Qi, Peng; Zhang, He; Zhao, Yusheng; Wang, Xiyin; Rathore, Abhishek; ",Pearl millet genome sequence provides a resource to improve agronomic traits in arid environments,Nature biotechnology,35,10,969-976,2017,Nature Publishing Group US New York
"Diepenbrock, Christine H; Kandianis, Catherine B; Lipka, Alexander E; Magallanes-Lundback, Maria; Vaillancourt, Brieanne; Góngora-Castillo, Elsa; Wallace, Jason G; Cepela, Jason; Mesberg, Alex; Bradbury, Peter J; ",Novel loci underlie natural variation in vitamin E levels in maize grain,The Plant Cell,29,10,2374-2392,2017,American Society of Plant Biologists
"He, Yan; Wang, Minghui; Dukowic-Schulze, Stefanie; Zhou, Adele; Tiang, Choon-Lin; Shilo, Shay; Sidhu, Gaganpreet K; Eichten, Steven; Bradbury, Peter; Springer, Nathan M; ",Genomic features shaping the landscape of meiotic double-strand-break hotspots in maize,Proceedings of the National Academy of Sciences,114,46,12231-12236,2017,National Academy of Sciences
"Zhang, Dong; Easterling, Katherine A; Pitra, Nicholi J; Coles, Mark C; Buckler, Edward S; Bass, Hank W; Matthews, Paul D; ",Non-Mendelian SNP inheritance and atypical meiotic configurations are prevalent in hop (Humulus lupulus L.),,,,,,
"Gage, Joseph L; Jarquin, Diego; Romay, Cinta; Lorenz, Aaron; Buckler, Edward S; Kaeppler, Shawn; Alkhalifah, Naser; Bohn, Martin; Campbell, Darwin A; Edwards, Jode; ",The effect of artificial selection on phenotypic plasticity in maize,Nature communications,8,1,1348,2017,Nature Publishing Group UK London
"Mejía-Guerra, María Katherine; Buckler, Edward S; ",k-mer grammar uncovers maize regulatory architecture,bioRxiv,,,222927,2017,Cold Spring Harbor Laboratory
"Zhang, Dong; Easterling, Katherine A; Pitra, Nicholi J; Coles, Mark C; Buckler, Edward S; Bass, Hank W; Matthews, Paul D; ",Non‐Mendelian single‐nucleotide polymorphism inheritance and atypical meiotic configurations are prevalent in hop,The plant genome,10,3,plantgenome2017.04.0032,2017,Crop Science Society of America
"Jones, Mark W; Penning, Bryan W; Jamann, Tiffany M; Glaubitz, Jeff C; Romay, Cinta; Buckler, Edward S; Redinbaugh, Margaret G; ",Diverse chromosomal locations of quantitative trait loci for tolerance to maize chlorotic mottle virus in five maize populations,Phytopathology,108,6,748-758,2018,
"Glover, JD; Reganold, JP; Bell, LW; Borevitz, Justin; Brummer, EC; Buckler, Edward S; Cox, CM; Cox, TS; Crews, TE; Culman, SW; ",Response to: Perennial Questions of Hydrology and Climate,,,,,2015,
"Bennetzen, Jeff; Buckler, Edward; Chandler, Vicki; Doebley, John; Dorweiler, Jane; Gaut, Brandon; Freeling, Michael; Hake, Sarah; Kellogg, Elizabeth; Poethig, R Scott; ",Society for American Archaeology,Latin American Antiquity,12,1,84-86,2001,
"Wallace, Jason G; Kremling, Karl A; Buckler, Edward S; ",Quantitative genetic analysis of the maize leaf microbiome,BioRxiv,,,268532,2018,Cold Spring Harbor Laboratory
"Gault, Christine M; Kremling, Karl A; Buckler, Edward S; ",Tripsacum de novo transcriptome assemblies reveal parallel gene evolution with maize after ancient polyploidy,The plant genome,11,3,180012,2018,Crop Science Society of America
"Kremling, Karl AG; Chen, Shu-Yun; Su, Mei-Hsiu; Lepak, Nicholas K; Romay, M Cinta; Swarts, Kelly L; Lu, Fei; Lorant, Anne; Bradbury, Peter J; Buckler, Edward S; ",Dysregulation of expression correlates with rare-allele burden and fitness loss in maize,Nature,555,7697,520-523,2018,Nature Publishing Group UK London
"Li, Yong-xiang; Chen, Lin; Li, Chunhui; Bradbury, Peter J; Shi, Yun-su; Song, Yanchun; Zhang, Dengfeng; Zhang, Zhiwu; Buckler, Edward S; Li, Yu; ",Increased experimental conditions and marker densities identified more genetic loci associated with southern and northern leaf blight resistance in maize,Scientific Reports,8,1,6848,2018,Nature Publishing Group UK London
"Wang, Jiabo; Zhou, Zhengkui; Zhang, Zhe; Li, Hui; Liu, Di; Zhang, Qin; Bradbury, Peter J; Buckler, Edward S; Zhang, Zhiwu; ",Expanding the BLUP alphabet for genomic prediction adaptable to the genetic architectures of complex traits,Heredity,121,6,648-662,2018,Springer International Publishing Cham
"Zhou, Shaoqun; Zhang, Ying K; Kremling, Karl A; Ding, Yezhang; Bennett, John S; Bae, Justin S; Kim, Dean K; Ackerman, Hayley H; Kolomiets, Michael V; Schmelz, Eric A; ",Ethylene signaling regulates natural variation in the abundance of antifungal acetylated diferuloylsucroses and Fusarium graminearum resistance in maize seedling roots,New Phytologist,221,4,2096-2111,2019,
"Glaubitz, Jeff; Casstevens, T; Elshire, R; Harriman, J; Casstevens, T; ",TASSEL 3.0 genotyping by sequencing (GBS) pipeline documentation,USDA-ARS. http://www. maizegenetics. net/tassel/docs/Tassel-PipelineGBS. pdf (accessed 29 Sept. 2017)[Europe PMC free article][Abstract][Google Scholar],,,,2012,
"Walters, William A; Jin, Zhao; Youngblut, Nicholas; Wallace, Jason G; Sutter, Jessica; Zhang, Wei; González-Peña, Antonio; Peiffer, Jason; Koren, Omry; Shi, Qiaojuan; ",Large-scale replicated field study of maize rhizosphere identifies heritable microbes,Proceedings of the National Academy of Sciences,115,28,7368-7373,2018,National Academy of Sciences
"Valluru, Ravi; Gazave, Elodie E; Fernandes, Samuel B; Ferguson, John N; Lozano, Roberto; Hirannaiah, Pradeep; Zuo, Tao; Brown, Patrick J; Leakey, Andrew DB; Gore, Michael A; ",Deleterious mutation burden and its association with complex traits in sorghum (Sorghum bicolor),Genetics,211,3,1075-1087,2019,Oxford University Press
"Kremling, Karl AG; Diepenbrock, Christine H; Gore, Michael A; Buckler, Edward S; Bandillo, Nonoy B; ",Transcriptome-wide association supplements genome-wide association in Zea mays,"G3: Genes, Genomes, Genetics",9,9,3023-3033,2019,Oxford University Press
"AlKhalifah, Naser; Campbell, Darwin A; Falcon, Celeste M; Gardiner, Jack M; Miller, Nathan D; Romay, Maria Cinta; Walls, Ramona; Walton, Renee; Yeh, Cheng-Ting; Bohn, Martin; ","Maize genomes to fields: 2014 and 2015 field season genotype, phenotype, environment, and inbred ear image datasets",BMC research notes,11,1,452,2018,BioMed Central London
"Lozano, Roberto; Booth, Gregory T; Omar, Bilan Yonis; Li, Bo; Buckler, Edward S; Lis, John T; Jannink, Jean-Luc; Del Carpio, Dunia Pino; ",RNA polymerase mapping in plants identifies enhancers enriched in causal variants,BioRxiv,,,376640,2018,Cold Spring Harbor Laboratory
"Baguma, Y; Buckler, E; Liu, F; Kawuki, R; Punna, R; Labuschagne, MT; Herselman, L; ",Genome-wide association mapping of carotenoid content in cassava,,,,,2016,Springer Verlag
"Sun, Silong; Zhou, Yingsi; Chen, Jian; Shi, Junpeng; Zhao, Haiming; Zhao, Hainan; Song, Weibin; Zhang, Mei; Cui, Yang; Dong, Xiaomei; ",Extensive intraspecific gene order and gene structural variations between Mo17 and other maize genomes,Nature genetics,50,9,1289-1295,2018,Nature Publishing Group US New York
"Springer, Nathan M; Anderson, Sarah N; Andorf, Carson M; Ahern, Kevin R; Bai, Fang; Barad, Omer; Barbazuk, W Brad; Bass, Hank W; Baruch, Kobi; Ben-Zvi, Gil; ",The maize W22 genome provides a foundation for functional genomics and transposon biology,Nature genetics,50,9,1282-1288,2018,Nature Publishing Group US New York
"Wallace, Jason G; Kremling, Karl A; Kovar, Lynsey L; Buckler, Edward S; ",Quantitative genetics of the maize leaf microbiome,Phytobiomes Journal,2,4,208-224,2018,Phytobiomes
"Li, Bo; Kremling, Karl AG; Wu, Penghao; Bukowski, Robert; Romay, Maria C; Xie, En; Buckler, Edward S; Chen, Mingsheng; ",Coregulation of ribosomal RNA with hundreds of genes contributes to phenotypic variation,Genome Research,28,10,1555-1565,2018,Cold Spring Harbor Lab
"Zhou, Shaoqun; Kremling, Karl A; Bandillo, Nonoy; Richter, Annett; Zhang, Ying K; Ahern, Kevin R; Artyukhin, Alexander B; Hui, Joshua X; Younkin, Gordon C; Schroeder, Frank C; ",Metabolome-scale genome-wide association studies reveal chemical diversity and genetic control of maize specialized metabolites,The Plant Cell,31,5,937-955,2019,American Society of Plant Biologists
"Richter, Annett; Schaff, Claudia; Zhang, Zhiwu; Lipka, Alexander E; Tian, Feng; Köllner, Tobias G; Schnee, Christiane; Preiß, Susanne; Irmisch, Sandra; Jander, Georg; ",Characterization of Biosynthetic Pathways for the Production of the Volatile Homoterpenes DMNT and,,,,,,
"Baseggio, Matheus; Murray, Matthew; Magallanes‐Lundback, Maria; Kaczmar, Nicholas; Chamness, James; Buckler, Edward S; Smith, Margaret E; DellaPenna, Dean; Tracy, William F; Gore, Michael A; ",Genome‐wide association and genomic prediction models of tocochromanols in fresh sweet corn kernels,The Plant Genome,12,1,180038,2019,Crop Science Society of America
"Ramstein, Guillaume P; Jensen, Sarah E; Buckler, Edward S; ",Breaking the curse of dimensionality to identify causal variants in Breeding 4,Theoretical and Applied Genetics,132,3,559-567,2019,Springer Berlin Heidelberg Berlin/Heidelberg
"Valluru, Ravi; Gazave, Elodie E; Fernandes, Samuel B; Ferguson, John N; Lozano, Roberto; Hirannaiah, Pradeep; Zuo, Tao; Brown, Patrick J; Leakey, Andrew DB; Gore, Michael A; ",Leveraging mutational burden for complex trait prediction in sorghum,bioRxiv,,,357418,2018,Cold Spring Harbor Laboratory
"Oren, Elad; Tzuri, Galil; Vexler, Lea; Dafna, Asaf; Meir, Ayala; Faigenboim, Adi; Kenigswald, Merav; Portnoy, Vitaly; Schaffer, Arthur A; Levi, Amnon; ",The multi-allelic APRR2 gene is associated with fruit pigment accumulation in melon and watermelon,Journal of Experimental Botany,70,15,3781-3794,2019,Oxford University Press UK
"PLoS Genetics Staff; ",Correction: iterative usage of fixed and random effect models for powerful and efficient genome-wide association studies,PLoS genetics,12,3,e1005957,2016,"Public Library of Science San Francisco, CA USA"
"Moose, Stephen; Below, F; Buckler, ES; ",Gene discovery for maize responses to nitrogen,Research project. University of Illinois at Urbana Champaign. USA. nitrogenes. cropsci. illinois. edu/NSFPG% 20Maize% 20NUE% 20proposal. pdf,,,,2005,
"Washburn, Jacob D; Mejia-Guerra, Maria Katherine; Ramstein, Guillaume; Kremling, Karl A; Valluru, Ravi; Buckler, Edward S; Wang, Hai; ",Evolutionarily informed deep learning methods for predicting relative transcript abundance from DNA sequence,Proceedings of the National Academy of Sciences,116,12,5542-5549,2019,National Academy of Sciences
"Yang, Chin Jian; Samayoa, Luis Fernando; Bradbury, Peter J; Olukolu, Bode A; Xue, Wei; York, Alessandra M; Tuholski, Michael R; Wang, Weidong; Daskalska, Lora L; Neumeyer, Michael A; ",The genetic architecture of teosinte catalyzed and constrained maize domestication,Proceedings of the National Academy of Sciences,116,12,5643-5652,2019,National Academy of Sciences
"Olsen, Mike; Robbins, Kelly; Dreher, Kate; Ayala, Claudio; Crossa, Jose; Burgueno, Juan; Perez-Rodriguez, Paulino; Alvarado, Gregorio; Gowda, Manje; Punna, Ed Buckler; ",Large scale deployment of rAmpSeq genotyping technology in maize genomic selection,,,,,2018,CIMMYT
"Mejía-Guerra, María Katherine; Buckler, Edward S; ",A k-mer grammar analysis to uncover maize regulatory architecture,BMC plant biology,19,1,103,2019,BioMed Central London
"HOEKENGA, OA; BUCKLER, E; Maron, L; de MAGALHAES, JV; Kirst, M; Krill, A; LYI, SM; Rose, J; THANNHAUSER, T; KOCHIAN, L; ",Joint linkage-association analysis of aluminum tolerance in maize.,Plant and Animal Genome VX Conference Abstracts,,,55,2007,
"Goode, Matthew; Strimmer, Korbinian; Drummond, Alexei; Buckler, Ed; Rodrigo, Allen; ",A brief introduction to the Phylogenetic Analysis Library version 1.5,Proceedings of the second conference on Asia-Pacific bioinformatics-Volume 29,,,175-179,2004,
"Dos Santos, Jhonathan PR; Fernandes, Samuel B; McCoy, Scott; Lozano, Roberto; Brown, Patrick J; Leakey, Andrew DB; Buckler, Edward S; Garcia, Antonio AF; Gore, Michael A; ",Novel bayesian networks for genomic prediction of developmental traits in biomass sorghum,"G3: Genes, Genomes, Genetics",10,2,769-781,2020,Oxford University Press
"Gates, Daniel J; Runcie, Dan; Janzen, Garrett M; Navarro, Alberto Romero; Willcox, Martha; Sonder, Kai; Snodgrass, Samantha J; Rodríguez-Zapata, Fausto; Sawers, Ruairidh JH; Rellán-Álvarez, Rubén; ",Single-gene resolution of locally adaptive genetic variation in Mexican maize,BioRxiv,,,706739,2019,Cold Spring Harbor Laboratory
"Ramstein, Guillaume P; Larsson, Sara J; Cook, Jason P; Edwards, Jode W; Ersoz, Elhan S; Flint-Garcia, Sherry; Gardner, Candice A; Holland, James B; Lorenz, Aaron J; McMullen, Michael D; ",The relevance of dominance and functional annotations to predict agronomic traits in hybrid maize,BioRxiv,,,745208,2019,Cold Spring Harbor Laboratory
"Gage, Joseph L; Richards, Elliot; Lepak, Nicholas; Kaczmar, Nicholas; Soman, Chinmay; Chowdhary, Girish; Gore, Michael A; Buckler, Edward S; ",In‐field whole‐plant maize architecture characterized by subcanopy rovers and latent space phenotyping,The Plant Phenome Journal,2,1,1-11,2019,American Society of Agronomy and Crop Science Society of America
"Ding, Yezhang; Murphy, Katherine M; Poretsky, Elly; Mafu, Sibongile; Yang, Bing; Char, Si Nian; Christensen, Shawn A; Saldivar, Evan; Wu, Mengxi; Wang, Qiang; ",Multiple genes recruited from hormone pathways partition maize diterpenoid defences,Nature Plants,5,10,1043-1056,2019,Nature Publishing Group UK London
"Lozano, Roberto; Gazave, Elodie; dos Santos, Jhonathan PR; Stetter, Markus; Valluru, Ravi; Bandillo, Nonoy; Fernandes, Samuel B; Brown, Patrick J; Shakoor, Nadia; Mockler, Todd C; ",Comparative evolutionary analysis and prediction of deleterious mutation patterns between sorghum and maize,Biorxiv,,,777623,2019,Cold Spring Harbor Laboratory
"Jensen, Sarah E; Charles, Jean Rigaud; Muleta, Kebede; Bradbury, Peter J; Casstevens, Terry; Deshpande, Santosh P; Gore, Michael A; Gupta, Rajeev; Ilut, Daniel C; Johnson, Lynn; ",A sorghum practical haplotype graph facilitates genome‐wide imputation and cost‐effective genomic prediction,The Plant Genome,13,1,e20009,2020,
"dos Santos, Jhonathan Pedroso Rigal; Fernandes, Samuel B; Lozano, Roberto; Brown, Patrick J; Buckler, Edward S; Garcia, Antonio Augusto Franco; Gore, Michael A; ",Novel Bayesian Networks for Genomic Prediction of Dynamic Traits in Bioenergy Sorghum,"Plant and Animal Genome XXVII Conference (January 12-16, 2019)",,,,,PAG
"Punna, Ramu; Lu, Fei; Verma, Janu; Buckler, Edward S; ",Identifying Genetic Load By Whole Genome and Transcriptome Sequencing of Cassava Breeding Lines,,,,,,
"Elshire, RJ; Glaubitz, JC; Sun, Q; Harriman, JV; Buckler, ES; Mitchell, SE; ",Genotyping-by-sequencing,,,,,,
"Ricci, William A; Lu, Zefu; Ji, Lexiang; Marand, Alexandre P; Ethridge, Christina L; Murphy, Nathalie G; Noshay, Jaclyn M; Galli, Mary; Mejía-Guerra, María Katherine; Colomé-Tatché, Maria; ",Widespread long-range cis-regulatory elements in the maize genome,Nature plants,5,12,1237-1249,2019,Nature Publishing Group UK London
"Wallace, Jason; Mohseni, Mohsen; Kremling, Karl; Walters, William A; Lepak, Nicholas; Ley, Ruth E; Buckler, Edward; ",The Effect of Host Genetics on Maize-Microbiome Interactions.,"ASA, CSSA and SSSA International Annual (2017)",,,,2017,ASA-CSSA-SSSA
"Falcon, Celeste M; Kaeppler, Shawn M; Spalding, Edgar P; Miller, Nathan D; Haase, Nicholas; AlKhalifah, Naser; Bohn, Martin; Buckler, Edward S; Campbell, Darwin A; Ciampitti, Ignacio; ","Relative utility of agronomic, phenological, and morphological traits for assessing genotype‐by‐environment interaction in maize inbreds",Crop Science,60,1,62-81,2020,
"Tu, Xiaoyu; Mejía-Guerra, María Katherine; Franco, Jose A Valdes; Tzeng, David; Chu, Po-Yu; Dai, Xiuru; Li, Pinghua; Buckler, Edward S; Zhong, Silin; ",Decoding the regulatory architecture of the maize leaf,bioRxiv,,,2020.01. 07.898056,2020,Cold Spring Harbor Laboratory
"Johnson, Lynn C; Bradbury, Peter; Casstevens, Terry; Ilut, Daniel; Miller, Zachary; Punna, Ramu; Romay, M Cinta; Buckler, Edward; ",A practical haplotype graph for determining genomic sequence,"Plant and Animal Genome XXVI Conference (January 13-17, 2018)",,,,2018,PAG
"Goode, M; Buckler, E; Drummond, A; Strimmer, K; Rodrigo, A; ",A Brief Introduction to the Phylogenetic Analysis Library V1. 5,,,,,,
"Gao, Star Yanxin; Glaser, Philip; Lamos-Sweeney, Joshua; Nti-Addae, Yaw A; Palis, Kevin; Raza, Syed; Villahoz-Baleta, Angel; Weigand, Deb; Jones, Elizabeth; Buckler, Edward S; ",Genomic Open-Source Breeding Informatics Initiative Data Extract and Decision Support Tools,"Plant and Animal Genome XXVI Conference (January 13-17, 2018)",,,,,PAG
"Wang, Hai; Cimen, Emre; Singh, Nisha; Buckler, Edward; ",Deep learning for plant genomics and crop improvement,Current opinion in plant biology,54,,34-41,2020,Elsevier Current Trends
"Ricci, William A; Zefu, Lu; Lexiang, Ji; Marand, Alexandre P; Ethridge, Christina L; Murphy, Nathalie G; Noshay, Jaclyn M; Galli, Mary; Mejía-Guerra, María Katherine; Maria, Colomé-Tatché; ",Author Correction: Widespread long-range cis-regulatory elements in the maize genome,Nature plants,6,3,328-328,2020,Nature Publishing Group
"Swarts, Kelly; Gutaker, Rafal; Benz, Bruce; Blake, Michael; Bukowski, Robert; Holland, James B; Kruse-Peeples, Melissa; Lepak, Nicholas K; Prim, Lynda; Romay, M Cinta; ",Origins of Temperate Adapted Maize,,,,,2018,
"McFarland, Bridget A; AlKhalifah, Naser; Bohn, Martin; Bubert, Jessica; Buckler, Edward S; Ciampitti, Ignacio; Edwards, Jode; Ertl, David; Gage, Joseph L; Falcon, Celeste M; ","Maize genomes to fields (G2F): 2014–2017 field seasons: genotype, phenotype, climatic, soil, and inbred ear image datasets",BMC research notes,13,1,71,2020,BioMed Central London
"Buckler, Ed; ",Breeding 4.0? Sorting through the Adaptive and Deleterious Variants across Crop Genome,"Plant and Animal Genome XXVI Conference (January 13-17, 2018)",,,,2018,PAG
"Pressoir, Gael; Charles, Jean Rigaud; Muleta, Kebede T; Buckler, Ed; Morris, Geoffrey; ",Making Genomic Selection Possible in Low-Resources Breeding Programs,"Plant and Animal Genome XXVI Conference (January 13-17, 2018)",,,,,PAG
"Wang, Hai; Washburn, Jacob D; Guerra, Maria Katherine Mejia; Kremling, Karl A; Valluru, Ravi; Buckler, Edward; Ramstein, Guillaume; ",Deep Learning of Transcriptional Effects of Genome Variation,"Plant and Animal Genome XXVII Conference (January 12-16, 2019)",,,,2019,PAG
"Muleta, Kebede T; Pressoir, Gael; Buckler, Edward S; Morris, Geoffrey P; ",Optimizing Genomic-Assisted Recurrent Selection for Small Breeding Programs in Developing Countries,"Plant and Animal Genome XXVI Conference (January 13-17, 2018)",,,,,PAG
"Ding, Yezhang; Weckwerth, Philipp R; Poretsky, Elly; Murphy, Katherine M; Sims, James; Saldivar, Evan; Christensen, Shawn A; Char, Si Nian; Yang, Bing; Tong, Anh-dao; ",Genetic elucidation of complex biochemical traits mediating maize innate immunity,BioRxiv,,,2020.03. 04.977355,2020,Cold Spring Harbor Laboratory
"Ramstein, Guillaume P; Larsson, Sara J; Cook, Jason P; Edwards, Jode W; Ersoz, Elhan S; Flint-Garcia, Sherry; Gardner, Candice A; Holland, James B; Lorenz, Aaron J; McMullen, Michael D; ",Dominance effects and functional enrichments improve prediction of agronomic traits in hybrid maize,Genetics,215,1,215-230,2020,Oxford University Press
"Chu, Xiuru Dai; Li, Pinghua; Buckler, Edward S; Zhong, Silin; ",The transcription regulatory code of a plant leaf,,,,,2020,
"Nti-Addae, Yaw A; Gao, Star Yanxin; Glaser, Philip; Lamos-Sweeney, Joshua; Palis, Kevin; Raza, Syed; Villahoz-Baleta, Angel; Weigand, Deb; Jones, Elizabeth; Buckler, Ed; ",Genomic Data Management System (GOBII-DMS),"Plant and Animal Genome XXVI Conference (January 13-17, 2018)",,,,,PAG
"Atlin, Gary; Buckler, Edward; Jannink, Jean-Luc; McCouch, Susan; Windhausen, Vanessa; Babu, Raman; Crossa, Jose; Lopez, Marco; Endelman, Jeffrey; Varshney, Rajeev; ",Progress and Challenges in the Use of High-Density Genetic Markers by CGIAR Breeding Programs to Increase Genetic Gains for Major Food Crops in the Developing World.,International Annual Meeting American Society of Agronomy/Crop Science Society of America/Soil Science Society of America 2012,,,,2012,
"Bradbury, Peter; Casstevens, Terry; Ilut, Dan; Johnson, Lynn; Miller, Zachary; Punna, Ramu; Romay, Maria Cinta; Buckler, Edward; ",Inferring genotypes from skim sequence using a graph‐based approach: The Practical Haplotype Graph,Genome Res,27,5,665-676,2017,
"Baseggio, Matheus; Murray, Matthew; Magallanes‐Lundback, Maria; Kaczmar, Nicholas; Chamness, James; Buckler, Edward S; Smith, Margaret E; DellaPenna, Dean; Tracy, William F; Gore, Michael A; ",Natural variation for carotenoids in fresh kernels is controlled by uncommon variants in sweet corn,The Plant Genome,13,1,e20008,2020,
"Guerra, Maria Katherine Mejia; Kremling, Karl A; Buckler, Ed; ",Machine Learning Approaches to Target Functional Non-Coding Variation,"Plant and Animal Genome XXVI Conference (January 13-17, 2018)",,,,2018,PAG
"Gage, Joseph L; Monier, Brandon; Giri, Anju; Buckler, Edward S; ","Ten years of the maize nested association mapping population: impact, limitations, and future directions",The Plant Cell,32,7,2083-2093,2020,American Society of Plant Biologists
"Chen, Qiuyue; Samayoa, Luis Fernando; Yang, Chin Jian; Bradbury, Peter J; Olukolu, Bode A; Neumeyer, Michael A; Romay, Maria Cinta; Sun, Qi; Lorant, Anne; Buckler, Edward S; ","The genetic architecture of the maize progenitor, teosinte, and how it was altered during maize domestication",PLoS genetics,16,5,e1008791,2020,"Public Library of Science San Francisco, CA USA"
"Yang, Jinliang; Buckler, Edward S; McMullen, Michael D; Mumm, Rita H; Ross-Ibarra, Jeffrey; ",Phenotypic Effects of Deleterious Alleles and their Contributions to Heterosis in Maize,"Plant and Animal Genome XXVI Conference (January 13-17, 2018)",,,,2018,PAG
"Jones, Elizabeth; Nti-Addae, Yaw; Gao, Star; McCouch, Susan R; Robbins, Kelly R; Mueller, Lukas; Sorrells, Mark E; Jannink, Jean-Luc; Sun, QI; Varshney, Rajeev K; ",The Gobii Project: Transforming Breeding through Genomic Data Management and Decision Support.,"ASA, CSSA, and CSA International Annual Meeting (2018)",,,,2018,ASA-CSSA-SSSA
"Clohessy, James W; Pauli, Duke; Kreher, Kevin M; Buckler, Edward S; Armstrong, Paul R; Wu, Tingting; Hoekenga, Owen A; Jannink, Jean‐Luc; Sorrells, Mark E; Gore, Michael A; ",A Low‐Cost Automated System for High‐Throughput Phenotyping of Single Oat Seeds,The Plant Phenome Journal,1,1,1-13,2018,American Society of Agronomy and Crop Science Society of America
"Cimen, Emre; Jensen, Sarah E; Buckler, Edward S; ",Building a tRNA thermometer to access the world’s biochemical diversity,bioRxiv,,,2020.07. 01.179846,2020,Cold Spring Harbor Laboratory
"Song, Baoxing; Wang, Hai; Wu, Yaoyao; Rees, Evan; Gates, Daniel J; Burch, Merritt; Bradbury, Peter J; Ross-Ibarra, Jeff; Kellogg, Elizabeth A; Hufford, Matthew B; ",Constrained non-coding sequence provides insights into regulatory elements and loss of gene expression in maize,bioRxiv,,,2020.07. 11.192575,2020,Cold Spring Harbor Laboratory
"Diepenbrock, Christine H; Ilut, Daniel C; Magallanes-Lundback, Maria; Kandianis, Catherine B; Lipka, Alexander E; Bradbury, Peter J; Holland, James B; Hamilton, John P; Wooldridge, Edmund; Vaillancourt, Brieanne; ",Eleven biosynthetic genes explain the majority of natural variation in carotenoid levels in maize grain,The Plant Cell,33,4,882-900,2021,Oxford University Press
"Monier, Brandon; Casstevens, Terry M; Bradbury, Peter J; Buckler, Edward S; ",rTASSEL: an R interface to TASSEL for association mapping of complex traits,BioRxiv,,,2020.07. 21.209114,2020,Cold Spring Harbor Laboratory
"Blanc, Jennifer; Kremling, Karl AG; Buckler, Edward; Josephs, Emily B; ",Local adaptation contributes to gene expression divergence in maize,G3,11,2,jkab004,2021,Oxford University Press
"Franco, Jose A Valdes; Gage, Joseph L; Bradbury, Peter J; Johnson, Lynn C; Miller, Zachary R; Buckler, Edward S; Romay, M Cinta; ",A maize practical haplotype graph leverages diverse NAM assemblies,bioRxiv,,,2020.08. 31.268425,2020,Cold Spring Harbor Laboratory
"Chen, Shu-Yun; Su, Mei-Hsiu; Kremling, Karl A; Lepak, Nicholas K; Romay, M Cinta; Sun, Qi; Bradbury, Peter J; Buckler, Edward S; Ku, Hsin-Mei; ",Identification of miRNA-eQTLs in maize mature leaf by GWAS,BMC genomics,21,1,689,2020,BioMed Central London
"Tu, Xiaoyu; Mejía-Guerra, María Katherine; Valdes Franco, Jose A; Tzeng, David; Chu, Po-Yu; Shen, Wei; Wei, Yingying; Dai, Xiuru; Li, Pinghua; Buckler, Edward S; ",Reconstructing the maize leaf regulatory network using ChIP-seq data of 104 transcription factors,Nature communications,11,1,5089,2020,Nature Publishing Group UK London
"Ding, Yezhang; Weckwerth, Philipp R; Poretsky, Elly; Murphy, Katherine M; Sims, James; Saldivar, Evan; Christensen, Shawn A; Char, Si Nian; Yang, Bing; Tong, Anh-dao; ",Genetic elucidation of interconnected antibiotic pathways mediating maize innate immunity,Nature plants,6,11,1375-1388,2020,Nature Publishing Group UK London
"Ferguson, John N; Fernandes, Samuel B; Monier, Brandon; Miller, Nathan D; Allen, Dylan; Dmitrieva, Anna; Schmuker, Peter; Lozano, Roberto; Valluru, Ravi; Buckler, Edward S; ",Machine learning-enabled phenotyping for GWAS and TWAS of WUE traits in 869 field-grown sorghum accessions,Plant Physiology,187,3,1481-1500,2021,Oxford University Press
"Cimen, Emre; Jensen, Sarah E; Buckler, Edward S; ",Building a tRNA thermometer to estimate microbial adaptation to temperature,Nucleic Acids Research,48,21,12004-12015,2020,Oxford University Press
"Jarquin, Diego; De Leon, Natalia; Romay, Cinta; Bohn, Martin; Buckler, Edward S; Ciampitti, Ignacio; Edwards, Jode; Ertl, David; Flint-Garcia, Sherry; Gore, Michael A; ",Utility of climatic information via combining ability models to improve genomic prediction for yield within the genomes to fields maize project,Frontiers in genetics,11,,592769,2021,Frontiers Media SA
"Rogers, Anna R; Dunne, Jeffrey C; Romay, Cinta; Bohn, Martin; Buckler, Edward S; Ciampitti, Ignacio A; Edwards, Jode; Ertl, David; Flint-Garcia, Sherry; Gore, Michael A; ",The importance of dominance and genotype-by-environment interactions on grain yield variation in a large-scale public cooperative maize experiment,G3,11,2,jkaa050,2021,Oxford University Press
"Jores, Tobias; Tonnies, Jackson; Wrightsman, Travis; Buckler, Edward S; Cuperus, Josh T; Fields, Stanley; Queitsch, Christine; ",Synthetic promoter designs enabled by a comprehensive analysis of plant core promoters,Nature Plants,7,6,842-855,2021,Nature Publishing Group UK London
"Lozano, Roberto; Gazave, Elodie; Dos Santos, Jhonathan PR; Stetter, Markus G; Valluru, Ravi; Bandillo, Nonoy; Fernandes, Samuel B; Brown, Patrick J; Shakoor, Nadia; Mockler, Todd C; ",Comparative evolutionary genetics of deleterious load in sorghum and maize,Nature plants,7,1,17-24,2021,Nature Publishing Group UK London
"Miller, Allison J; Matasci, Naim; Schwaninger, Heidi; Aradhya, Mallikarjuna K; Prins, Bernard; Zhong, Gan-Yuan; Simon, Charles; Buckler, Edward S; Myles, Sean; ",Correction: Vitis Phylogenomics: Hybridization Intensities from a SNP Array Outperform Genotype Calls,Plos one,9,1,10.1371/annotation/283e5eba-a65d-42a3-a430-6ca0be86147c,2014,
"Barnes, Allison C; Rodríguez-Zapata, Fausto; Juárez-Núñez, Karla A; Gates, Daniel J; Janzen, Garrett M; Kur, Andi; Wang, Li; Jensen, Sarah E; Estévez-Palmas, Juan M; Crow, Taylor M; ",An adaptive teosinte mexicana introgression modulates phosphatidylcholine levels and is associated with maize flowering time,Proceedings of the National Academy of Sciences,119,27,e2100036119,2022,National Academy of Sciences
"Baseggio, Matheus; Murray, Matthew; Wu, Di; Ziegler, Gregory; Kaczmar, Nicholas; Chamness, James; Hamilton, John P; Buell, C Robin; Vatamaniuk, Olena K; Buckler, Edward S; ",Genome-wide association study suggests an independent genetic basis of zinc and cadmium concentrations in fresh sweet corn kernels,G3,11,8,jkab186,2021,Oxford University Press
"Dafna, Asaf; Halperin, Ilan; Oren, Elad; Isaacson, Tal; Tzuri, Galil; Meir, Ayala; Schaffer, Arthur A; Burger, Joseph; Tadmor, Yaakov; Buckler, Edward S; ",Underground heterosis for yield improvement in melon,Journal of Experimental Botany,72,18,6205-6218,2021,Oxford University Press UK
"Giri, Anju; Khaipho-Burch, Merritt; Buckler, Edward S; Ramstein, Guillaume P; ",Haplotype associated RNA expression (HARE) improves prediction of complex traits in maize,PLoS Genetics,17,10,e1009568,2021,"Public Library of Science San Francisco, CA USA"
"Pignon, Charles P; Fernandes, Samuel B; Valluru, Ravi; Bandillo, Nonoy; Lozano, Roberto; Buckler, Edward; Gore, Michael A; Long, Stephen P; Brown, Patrick J; Leakey, Andrew DB; ",Phenotyping stomatal closure by thermal imaging for GWAS and TWAS of water use efficiency-related genes,Plant physiology,187,4,2544-2562,2021,Oxford University Press
"Long, Evan M; Bradbury, Peter J; Romay, M Cinta; Buckler, Edward S; Robbins, Kelly R; ",Genome-wide imputation using the practical haplotype graph in the heterozygous crop cassava,G3,12,1,jkab383,2022,Oxford University Press
"Gage, Joseph L; Mali, Sujina; McLoughlin, Fionn; Khaipho-Burch, Merritt; Monier, Brandon; Bailey-Serres, Julia; Vierstra, Richard D; Buckler, Edward S; ",Variation in upstream open reading frames contributes to allelic diversity in maize protein abundance,Proceedings of the National Academy of Sciences,119,14,e2112516119,2022,National Academy of Sciences
"Song, Baoxing; Buckler, Edward S; Wang, Hai; Wu, Yaoyao; Rees, Evan; Kellogg, Elizabeth A; Gates, Daniel J; Khaipho-Burch, Merritt; Bradbury, Peter J; Ross-Ibarra, Jeffrey; ",Conserved noncoding sequences provide insights into regulatory sequence and loss of gene expression in maize,Genome research,31,7,1245-1257,2021,Cold Spring Harbor Lab
"Washburn, Jacob D; Cimen, Emre; Ramstein, Guillaume; Reeves, Timothy; O’Briant, Patrick; McLean, Greg; Cooper, Mark; Hammer, Graeme; Buckler, Edward S; ","Predicting phenotypes from genetic, environment, management, and historical data using CNNs",Theoretical and Applied Genetics,134,12,3997-4011,2021,Springer Berlin Heidelberg
"Wu, Yaoyao; Johnson, Lynn; Song, Baoxing; Romay, Cinta; Stitzer, Michelle; Siepel, Adam; Buckler, Edward; Scheben, Armin; ",A multiple alignment workflow shows the effect of repeat masking and parameter tuning on alignment in plants,The plant genome,15,2,e20204,2022,
"Jordan, Katherine W; Bradbury, Peter J; Miller, Zachary R; Nyine, Moses; He, Fei; Fraser, Max; Anderson, Jim; Mason, Esten; Katz, Andrew; Pearce, Stephen; ",Development of the Wheat Practical Haplotype Graph database as a resource for genotyping data storage and genotype imputation,G3,12,2,jkab390,2022,Oxford University Press
"Buckler IV, Edward S; Phelps, Tara L; Buckler, Carlyn S Keith; Doebleyt, John F; Holtsford, Timothy P; ",Meiotic Drive of Knobs Reshaped The Maize Genome,MAIZE DOMESTICATION AND MOLECULAR EVOLUTION,,,,1997,
"Gao, Star Yanxin; Nti-Addae, Yaw A; Jones, Elizabeth; Stephen, Gordon; Milne, Iain; Juanillas, Venice Margarette; Dereeper, Alexis; Kowalczyk, Andrew; Palis, Kevin; Lamos-Sweeney, Joshua; ",Genomic Open-Source Breeding Informatics Tool Portal,PAG ASIA 2019,,,,2019,PAG
"Wang, Lun; Huang, Yue; Liu, ZiAng; He, Jiaxian; Jiang, Xiaolin; He, Fa; Lu, Zhihao; Yang, Shuizhi; Chen, Peng; Yu, Huiwen; ",Somatic variations led to the selection of acidic and acidless orange cultivars,Nature Plants,7,7,954-965,2021,Nature Publishing Group UK London
"Wu, Xi; Feng, Hui; Wu, DI; Yan, Shijuan; Zhang, Pei; Wang, Wenbin; Zhang, Jun; Ye, Junli; Dai, Guoxin; Fan, Yuan; ",Using high-throughput multiple optical phenotyping to decipher the genetic architecture of maize drought tolerance,Genome Biology,22,1,185,2021,BioMed Central London
"Zhang, N; Gibon, Y; Lepak, NK; Pinghua, L; Dedow, L; Chen, C; So, Y; Brutnell, T; Sitt, M; Buckler Iv, ES; ",Genome-wide association study of carbon and nitrogen metabolism in the maize nested association mapping population,Plant Physiology,10,,15.0025,2015,
"Jensen, Sarah E; Johnson, Lynn C; Casstevens, Terry; Buckler, Edward S; ",Predicting protein domain temperature adaptation across the prokaryote-eukaryote divide,bioRxiv,,,2021.07. 13.452245,2021,Cold Spring Harbor Laboratory
"Jensen, Sarah E; Buckler, Edward S; ",Pfam domain adaptation profiles reflect plant species’ evolutionary history,bioRxiv,,,2021.07. 13.452250,2021,Cold Spring Harbor Laboratory
"Song, Baoxing; Marco-Sola, Santiago; Moreto, Miquel; Johnson, Lynn; Buckler, Edward S; Stitzer, Michelle C; ","AnchorWave: sensitive alignment of genomes with high diversity, structural polymorphism and whole-genome duplication variation",bioRxiv,,,2021.07. 29.454331,2021,Cold Spring Harbor Laboratory
"Hamilton, John P; Buell, C Robin; Vatamaniuk, Olena K; Buckler, Edward S; Smith, Margaret E; Baxter, Ivan; Tracy, William F; Gore, Michael A; ",Genome-wide association study suggests an independent genetic basis of zinc and cadmium concentrations in fresh sweet corn kernels,,,,,,
"Bradbury, Peter J; Casstevens, T; Jensen, Sarah E; Johnson, LC; Miller, ZR; Monier, Brandon; Romay, MC; Song, B; Buckler, Edward S; ","The Practical Haplotype Graph, a platform for storing and using pangenomes for imputation",Bioinformatics,38,15,3698-3702,2022,Oxford University Press
"Samayoa, Luis Fernando; Olukolu, Bode A; Yang, Chin Jian; Chen, Qiuyue; Stetter, Markus G; York, Alessandra M; Sanchez-Gonzalez, Jose de Jesus; Glaubitz, Jeffrey C; Bradbury, Peter J; Romay, Maria Cinta; ","Domestication reshaped the genetic basis of inbreeding depression in a maize landrace compared to its wild relative, teosinte",Plos Genetics,17,12,e1009797,2021,"Public Library of Science San Francisco, CA USA"
"Lozano, Roberto; Booth, Gregory T; Omar, Bilan Yonis; Li, Bo; Buckler, Edward S; Lis, John T; Del Carpio, Dunia Pino; Jannink, Jean-Luc; ",RNA polymerase mapping in plants identifies intergenic regulatory elements enriched in causal variants,G3,11,11,jkab273,2021,Oxford University Press
"Ramstein, Guillaume P; Buckler, Edward S; ",Prediction of evolutionary constraint by genomic annotations improves functional prioritization of genomic variants in maize,Genome Biology,23,1,183,2022,BioMed Central London
"Yang, Jinliang; Mezmouk, Sofiane; Baumgarten, Andy; Buckler, Edward S; Guill, Katherine E; McMullen, Michael D; Mumm, Rita H; Ross-Ibarra, Jeffrey; ",Correction: Incomplete dominance of deleterious alleles contributes substantially to trait variation and heterosis in maize,PLoS Genetics,17,9,e1009825,2021,"Public Library of Science San Francisco, CA USA"
"Zhang, Xiao; Zhu, Yonghui; Kremling, Karl AG; Romay, M Cinta; Bukowski, Robert; Sun, Qi; Gao, Shibin; Buckler, Edward S; Lu, Fei; ",Genome-wide analysis of deletions in maize population reveals abundant genetic diversity and functional impact,Theoretical and Applied Genetics,135,1,273-290,2022,Springer Berlin Heidelberg Berlin/Heidelberg
"Chen, Qiuyue; Samayoa, Luis Fernando; Yang, Chin Jian; Olukolu, Bode A; York, Alessandra M; Sanchez-Gonzalez, Jose de Jesus; Xue, Wei; Glaubitz, Jeffrey C; Bradbury, Peter J; Romay, Maria Cinta; ","A conserved genetic architecture among populations of the maize progenitor, teosinte, was radically altered by domestication",Proceedings of the National Academy of Sciences,118,43,e2112970118,2021,National Academy of Sciences
"Wrightsman, Travis; Marand, Alexandre P; Crisp, Peter A; Springer, Nathan M; Buckler, Edward S; ",Modeling chromatin state from sequence across angiosperms using recurrent convolutional neural networks,The Plant Genome,15,3,e20249,2022,
"Gur, A; Buckler, ES; Burger, J; Tadmor, Y; Klapp, I; ",Characterization of genetic variation and yield heterosis in Cucumis melo,,,,,,
"Song, Baoxing; Marco-Sola, Santiago; Moreto, Miquel; Johnson, Lynn; Buckler, Edward S; Stitzer, Michelle C; ","AnchorWave: Sensitive alignment of genomes with high sequence diversity, extensive structural polymorphism, and whole-genome duplication",Proceedings of the National Academy of Sciences,119,1,e2113075119,2022,National Academy of Sciences
"Lipka, Alexander E; Tian, Feng; Wang, Qishan; Peiffer, Jason; Li, Meng; Bradbury, Peter J; Gore, Michael; Buckler, Edward S; Zhang, Zhiwu; ",User Manual for,,,,,,
"Oren, Elad; Tzuri, Galil; Dafna, Asaf; Rees, Evan R; Song, Baoxing; Freilich, Shiri; Elkind, Yonatan; Isaacson, Tal; Schaffer, Arthur A; Tadmor, Yaakov; ",QTL mapping and genomic analyses of earliness and fruit ripening traits in a melon recombinant inbred lines population supported by de novo assembly of their parental genomes,Horticulture Research,9,,uhab081,2022,Oxford University Press
"Diepenbrock, Christine H; Kandianis, Catherine B; Kim, Eunha; Cepela, Jason; Mateos-Hernandez, Maria; Buell, C Robin; Buckler, Edward S; DellaPenna, Dean; Gore, Michael A; Rocheford, Torbert; ","A Foundation for Provitamin A Biofortification of Maize: Genome-Wide 1 Association and Genomic Prediction Models of Carotenoid Levels 2 3 Brenda F. Owens, Alexander E. Lipka, Maria Magallanes-Lundback, Tyler Tiede, 4",,,,,2014,
"Yang, Jinliang; Mezmouk, Sofiane; Baumgarten, Andy; Buckler, Edward S; Guill, Katherine E; McMullen, Michael D; Mumm, Rita H; Ross-Ibarra, Jeffrey; ","Incomplete dominance of deleterious alleles contributes substantially to trait variation and heterosis in maize (vol 13, e1007019, 2017)",PLOS GENETICS,17,9,,2021,"PUBLIC LIBRARY SCIENCE 1160 BATTERY STREET, STE 100, SAN FRANCISCO, CA 94111 USA"
"Phillips, Alyssa R; Seetharam, Arun S; Albert, Patrice S; AuBuchon-Elder, Taylor; Birchler, James A; Buckler, Edward S; Gillespie, Lynn J; Hufford, Matthew B; Llaca, Victor; Romay, Maria Cinta; ",A happy accident: a novel turfgrass reference genome,"G3: Genes, Genomes, Genetics",13,6,jkad073,2023,Oxford University Press US
,Joint analysis of days to flowering reveals independent temperate adaptations in maize,,,,,,
"Barrett, Christopher B; Benton, Tim; Fanzo, Jessica; Herrero, Mario; Nelson, Rebecca J; Bageant, Elizabeth; Buckler, Edward; Cooper, Karen; Culotta, Isabella; Fan, Shenggen; ",Technical Appendix,Socio-Technical Innovation Bundles for Agri-Food Systems Transformation,,,187-190,2022,Springer International Publishing Cham
"Barrett, Christopher B; Benton, Tim; Fanzo, Jessica; Herrero, Mario; Nelson, Rebecca J; Bageant, Elizabeth; Buckler, Edward; Cooper, Karen; Culotta, Isabella; Fan, Shenggen; ",Key External Drivers of Change to 2070,Socio-Technical Innovation Bundles for Agri-Food Systems Transformation,,,47-54,2022,Springer International Publishing Cham
"Barrett, Christopher B; Benton, Tim; Fanzo, Jessica; Herrero, Mario; Nelson, Rebecca J; Bageant, Elizabeth; Buckler, Edward; Cooper, Karen; Culotta, Isabella; Fan, Shenggen; ",Socio-technical innovation bundles for agri-food systems transformation,,,,,2022,Springer Nature
"Barrett, Christopher B; Benton, Tim; Fanzo, Jessica; Herrero, Mario; Nelson, Rebecca J; Bageant, Elizabeth; Buckler, Edward; Cooper, Karen; Culotta, Isabella; Fan, Shenggen; ",Towards Co-Creation of AFS Innovations by AVC Actors,Socio-Technical Innovation Bundles for Agri-Food Systems Transformation,,,177-186,2022,Springer International Publishing Cham
"Barrett, Christopher B; Benton, Tim; Fanzo, Jessica; Herrero, Mario; Nelson, Rebecca J; Bageant, Elizabeth; Buckler, Edward; Cooper, Karen; Culotta, Isabella; Fan, Shenggen; ",Getting from Here to There,Socio-Technical Innovation Bundles for Agri-Food Systems Transformation,,,65-72,2022,Springer International Publishing Cham
"Barrett, Christopher B; Benton, Tim; Fanzo, Jessica; Herrero, Mario; Nelson, Rebecca J; Bageant, Elizabeth; Buckler, Edward; Cooper, Karen; Culotta, Isabella; Fan, Shenggen; ",Impact Pathways,Socio-Technical Innovation Bundles for Agri-Food Systems Transformation,,,169-175,2022,Springer International Publishing Cham
"Barrett, Christopher B; Benton, Tim; Fanzo, Jessica; Herrero, Mario; Nelson, Rebecca J; Bageant, Elizabeth; Buckler, Edward; Cooper, Karen; Culotta, Isabella; Fan, Shenggen; ",Envisioning Four Design Objectives for 2045–2070,Socio-Technical Innovation Bundles for Agri-Food Systems Transformation,,,55-63,2022,Springer International Publishing Cham
"Barrett, Christopher B; Benton, Tim; Fanzo, Jessica; Herrero, Mario; Nelson, Rebecca J; Bageant, Elizabeth; Buckler, Edward; Cooper, Karen; Culotta, Isabella; Fan, Shenggen; ",The state of agri-food systems and agri-food value chains in 2020,Socio-Technical Innovation Bundles for Agri-Food Systems Transformation,,,21-45,2022,Springer International Publishing Cham
"Barrett, Christopher B; Benton, Tim; Fanzo, Jessica; Herrero, Mario; Nelson, Rebecca J; Bageant, Elizabeth; Buckler, Edward; Cooper, Karen; Culotta, Isabella; Fan, Shenggen; ",Socio-technical innovation bundles tailored to distinct agri-food systems,Socio-technical innovation bundles for agri-food systems transformation,,,159-168,2022,Springer International Publishing Cham
"Barrett, Christopher B; Benton, Tim; Fanzo, Jessica; Herrero, Mario; Nelson, Rebecca J; Bageant, Elizabeth; Buckler, Edward; Cooper, Karen; Culotta, Isabella; Fan, Shenggen; ",A profuse pipeline of promising options,Socio-technical innovation bundles for Agri-food systems transformation,,,73-158,2022,Springer International Publishing Cham
"Hearne, Sarah; Chen, Charles; Buckler, Ed; Mitchell, Sharon; ",Unimputed GbS derived SNPs for maize landrace accessions represented in the SeeD-maize GWAS panel,,,,,2014,CIMMYT Research Data & Software Repository Network
"Smart, Larry; Serapiglia, Michelle; Gouker, Fred; Town, Chris; Tang, Haibao; Tuskan, Jerry; Barry, Kerrie; Lindquist, Erika; Buckler, Ed; Mitchell, Sharon; ",Next generation sequencing of the Salix purpurea genome and transcriptome: Tools for the genetic improvement of willow biomass crops,,,,,,
"Buckler IV, Edward S; Pearsall, Deborah M; Holtsford, Timothy P; ",The Impact of Early Holocene Climate and Plant Ecology on Central Mexican Archaic Subsistence1,MAIZE DOMESTICATION AND MOLECULAR EVOLUTION,,,,1997,
"Zhu, C; Gore, M; Buckler, ES; Yu, J; ",Status and prospects of association mapping in plants. Plant Genome 1: 5–20,Appendices Appendix,1,,,2008,
"Gouker, Fred; Serapiglia, Michelle; Smart, Larry; Town, Chris; Tang, Haibao; Krishnakumar, Vivek; Buckler, Ed; Mitchell, Sharon; Elshire, Rob; Hyma, Katie; ",Shrub willow,,,,,,
"Buckler, Edward S; ",What Can the Genomes of All Maize and Sorghum Wild Relatives Tell Our Machine Learning Models and Us?,"ASA, CSSA, SSSA International Annual Meeting",,,,2021,ASA-CSSA-SSSA
"Willcox, Martha C; Burgueño, Juan A; Jeffers, Daniel; Rodriguez-Chanona, Enrique; Guadarrama-Espinoza, Armando; Kehel, Zakaria; Chepetla, Daniel; Shrestha, Rosemary; Swarts, Kelly; Buckler, Edward S; ",Mining alleles for tar spot complex resistance from CIMMYT's maize Germplasm Bank,Frontiers in Sustainable Food Systems,6,,937200,2022,Frontiers Media SA
"Jordan, Katherine W; Bradbury, Peter; Miller, Zachary; Nyine, Moses; He, Fei; Akhunova, Alina; Bowden, Robert L; Fiedler, Jason D; Faris, Justin D; Dubcovsky, Jorge; ",Wheat Practical Haplotype Graph As a Resource for Genotyping Data Storage and Genotype Imputation,"Plant and Animal Genome XXIX Conference (January 8-12, 2022)",,,,2022,PAG
"Hirsch, Candice N; Hirsch, Cory D; Brohammer, Alex B; Bowman, Megan J; Soifer, Ilya; Barad, Omer; Sehm-Tov, Doron; Baruch, Kobi; Lu, Fei; Hernandez, Alvaro G; ",Data from: Draft assembly of elite inbred line PH207 provides insights into genomic and transcriptome diversity in maize,,,,,2017,"Great Lakes Bioenergy Research Center, Madison, WI (United States); Univ. of …"
"Khaipho-Burch, Merritt; Ferebee, Taylor; Giri, Anju; Ramstein, Guillaume; Monier, Brandon; Yi, Emily; Romay, M Cinta; Buckler, Edward S; ",Elucidating the patterns of pleiotropy and its biological relevance in maize,PLoS Genetics,19,3,e1010664,2023,"Public Library of Science San Francisco, CA USA"
"Liu, Z; Cook, J; Melia-Hancock, S; Guill, K; Bottoms, C; Garcia, A; Ott, O; Nelson, R; Recker, J; Balint-Kurti, P; ",Expanding maize genetic resources with predomestication alleles: maize–teosinte introgression populations. Plant Genome 9,,,,,2016,
"Buckler, Edward; ",A Roadmap to Towards Genomic Selection Based on Molecular Activity in Cassava,"Plant and Animal Genome XXIX Conference (January 8-12, 2022)",,,,2022,PAG
"Monier, Brandon; Casstevens, Terry M; Bradbury, Peter J; Buckler, Edward S; ",rTASSEL: An R interface to TASSEL for analyzing genomic diversity,Journal of Open Source Software,7,76,4530,2022,
"Oren, Elad; Dafna, Asaf; Tzuri, Galil; Halperin, Ilan; Isaacson, Tal; Elkabetz, Meital; Meir, Ayala; Saar, Uzi; Ohali, Shachar; La, Thuy; ",Pan‐genome and multi‐parental framework for high‐resolution trait dissection in melon (Cucumis melo),The Plant Journal,112,6,1525-1542,2022,
"Long, Evan M; Romay, M Cinta; Ramstein, Guillaume; Buckler, Edward S; Robbins, Kelly R; ",Utilizing evolutionary conservation to detect deleterious mutations and improve genomic prediction in cassava,Frontiers in Plant Science,13,,1041925,2023,Frontiers Media SA
"Pardo, Jeremy; Wai, Ching Man; Harman, Maxwell; Nguyen, Annie; Kremling, Karl A; Romay, Maria Cinta; Lepak, Nicholas; Bauerle, Taryn L; Buckler, Edward S; Thompson, Addie M; ",Cross-species predictive modeling reveals conserved drought responses between maize and sorghum,Proceedings of the National Academy of Sciences,120,10,e2216894120,2023,National Academy of Sciences
"Morales, Nicolas; Anche, Mahlet T; Kaczmar, Nicholas S; Lepak, Nicholas; Ni, Pengzun; Romay, Maria Cinta; Santantonio, Nicholas; Buckler, Edward S; Gore, Michael A; Mueller, Lukas A; ",Spatio-temporal modeling of high-throughput multispectral aerial images improves agronomic trait genomic prediction in hybrid maize,Genetics,227,1,iyae037,2024,Oxford University Press US
"Falcon, Celeste M; Kaeppler, Shawn M; Spalding, Edgar P; Miller, Nathan D; Haase, Nicholas; AlKhalifah, Naser; Bohn, Martin; Buckler, Edward S; Campbell, Darwin A; Ciampitti, Ignacio; ","Erratum to: Relative utility of agronomic, phenological, and morphological traits for assessing genotype‐by‐environment interaction in maize inbreds.",Crop Science,62,6,,2022,
"Buckler, Edward; ",Mining Maize Diversity By Using Machine Learning across the Central Dogma of Molecular Biology,"Plant and Animal Genome XXIX Conference (January 8-12, 2022)",,,,2022,PAG
"Oren, Elad; Dafna, Asaf; Tzuri, Galil; Halperin, Ilan; Isaacson, Tal; Elkabetz, Meital; Meir, Ayala; Saar, Uzi; Ohali, Shachar; La, Thuy; ",Melon pan-genome and multi-parental framework for high-resolution trait dissection,BioRxiv,,,2022.08. 09.503186,2022,Cold Spring Harbor Laboratory
"Kane, Ndjido A; ",Erratum: Pearl millet genome sequence provides a resource to improve agronomic traits in arid environments,Nature Biotechnology,,,,2018,
"Ramu, Punna; Esuma, Williams; Kawuki, Robert; Rabbi, Ismail Y; Egesi, Chiedozie; Bredeson, Jessen V; Bart, Rebecca S; Verma, Janu; Buckler, Edward S; Lu, Fei; ",Cassava HapMap: Managing genetic load in a clonal crop species,bioRxiv,,,077123,2016,Cold Spring Harbor Laboratory
"Wallace, JG; Kremling, KA; Walters, WA; Lepak, NK; Ley, RE; Buckler, ES; ",The effects of host and environment on the maize microbiome,60th Annual Maize Genetics Conference,,,188,2018,
"Swarts, K; Miller, Z; Gutaker, R; Johnson, L; Bauer, E; Glaubitz, J; Matson, RG; Blake, M; Kruse-Peeples, M; Larsson, S; ",Prehistoric selection for temperate climates has far-reaching implications for global germplasm,,,,,2018,
"Swarts, K; Gutaker, RM; Schuenemann, VJ; Benz, B; Blake, M; Bukowski, R; Holland, J; Kruse-Peeples, M; Lepak, N; Matson, RG; ",Genomic estimation of complex traits in archaeological maize reveals ancient adaptation to temperate North America,59th Annual Maize Genetics Conference,,,229,2017,
"Tu, Xiaoyu; Mejía-Guerra, María Katherine; Franco, Jose A Valdes; Tzeng, David; Chu, Po-Yu; Shen, Wei; Wei, Yingying; Dai, Xiuru; Li, Pinghua; Buckler, Edward S; ",Author Correction: Reconstructing the maize leaf regulatory network using ChIP-seq data of 104 transcription factors,nature communications,14,,1586,2023,
"Mann, M; Khaipho-Burch, M; Long, E; Costa-Neto, G; Buckler, E; Heck, M; ","Using genome-wide association studies to identify loci regulating vector competency of Diaphorina citri, insect vector of citrus greening disease",PHYTOPATHOLOGY,112,11,149-149,2022,"AMER PHYTOPATHOLOGICAL SOC 3340 PILOT KNOB ROAD, ST PAUL, MN 55121 USA"
"Ribeiro, Carlos Alexandre Gomes; de Sousa Tinoco, Sylvia Morais; de Souza, Vander Fillipe; Negri, Barbara França; Gault, Christine Marie; Pastina, Maria Marta; Magalhaes, Jurandir Vieira; Guimarães, Lauro José Moreira; de Barros, Everaldo Gonçalves; Buckler, Edward S; ",Genome-wide association study for root morphology and phosphorus acquisition efficiency in diverse maize panels,International Journal of Molecular Sciences,24,7,6233,2023,MDPI
"Khaipho-Burch, M; Cooper, M; Crossa, J; de Leon, N; Holland, J; Lewis, R; McCouch, S; Murray, S; Rabbi, I; Ronald, P; ",The perils and promise of single-gene solutions to crop yield: extraordinary claims require extraordinary evidence,65th Annual Maize Genetics Meeting,,,173,2023,
"Mitchell, Sharon E; Morris, Geoffrey P; Kresovich, Stephen; Buckler, Edward S; Brenton, Zachary; Bonnette, Jason; Ramu, Punna; Deshpande, Santosh; Hash, C Tom; Juenger, Thomas E; ",Data from: Genome-environment associations in sorghum landraces predict adaptive traits,,,,,2016,Zenodo
"Lasky, Jesse R; Juenger, Thomas E; Buckler, Edward S; Morris, Geoffrey P; Upadhyaya, Hari D; Brenton, Zachary; Acharya, Charlotte; Deshpande, Santosh; Hash, C Tom; Kresovich, Stephen; ",Data from: Genome-environment associations in sorghum landraces predict adaptive traits,,,,,2016,DRYAD
"Wu, Yaoyao; Li, Dawei; Hu, Yong; Li, Hongbo; Ramstein, Guillaume P; Zhou, Shaoqun; Zhang, Xinyan; Bao, Zhigui; Zhang, Yu; Song, Baoxing; ",Phylogenomic discovery of deleterious mutations facilitates hybrid potato breeding,Cell,186,11,2313-2328. e15,2023,Elsevier
"Lima, Dayane Cristina; Aviles, Alejandro Castro; Alpers, Ryan Timothy; Perkins, Alden; Schoemaker, Dylan L; Costa, Martin; Michel, Kathryn J; Kaeppler, Shawn; Ertl, David; Romay, Maria Cinta; ",2020-2021 field seasons of Maize GxE project within the Genomes to Fields Initiative,BMC research notes,16,1,219,2023,BioMed Central London
"Ferebee, Taylor H; Buckler, Edward S; ",Exploring the utility of regulatory network-based machine learning for gene expression prediction in maize,bioRxiv,,,2023.05. 11.540406,2023,Cold Spring Harbor Laboratory
"Lima, Dayane Cristina; Aviles, Alejandro Castro; Alpers, Ryan Timothy; McFarland, Bridget A; Kaeppler, Shawn; Ertl, David; Romay, Maria Cinta; Gage, Joseph L; Holland, James; Beissinger, Timothy; ",2018–2019 field seasons of the Maize Genomes to Fields (G2F) G x E project,BMC Genomic Data,24,1,29,2023,BioMed Central London
"Lima, Dayane Cristina; Washburn, Jacob D; Varela, José Ignacio; Chen, Qiuyue; Gage, Joseph L; Romay, Maria Cinta; Holland, James; Ertl, David; Lopez-Cruz, Marco; Aguate, Fernando M; ",Genomes to fields 2022 maize genotype by environment prediction competition,BMC Research Notes,16,1,148,2023,BioMed Central London
"Gorjifard, Sayeh; Jores, Tobias; Tonnies, Jackson; Mueth, Nicholas A; Bubb, Kerry; Wrightsman, Travis; Buckler, Edward S; Fields, Stanley; Cuperus, Josh T; Queitsch, Christine; ",Features that govern terminator strength in plants,bioRxiv,,,2023.06. 16.545379,2023,Cold Spring Harbor Laboratory
"KOCHIAN, LV; MAGALHAES, J; GUIMARÃES, C; ALVES, V; CARNEIRO, N; CARNEIRO, A; SCHAFFERT, R; BRAMMER, S; CONSOLI, L; da SILVA JUNIOR, JP; ","Isolation and characterisation of aluminum tolerance genes in the cereals: an integrated functional genomic, molecular genetic and physiological analysis.",,,,,2013,
"Elshire, RJ; Glaubitz, JC; Sun, Q; Harriman, JV; Buckler, ES; Mitchell, SE; ",Genotyping by sequencing (GBS) method overview,Manual/Tutorial,,,1-46,2011,
"Stitzer, Michelle C; Khaipho-Burch, Merritt B; Hudson, Asher I; Song, Baoxing; Valdez-Franco, Jose Arcadio; Ramstein, Guillaume; Feschotte, Cedric; Buckler, Edward S; ",Transposable element abundance subtly contributes to lower fitness in maize,bioRxiv,,,2023.09. 18.557618,2023,Cold Spring Harbor Laboratory
"Schulz, Aimee J; Zhai, Jingjing; AuBuchon‐Elder, Taylor; Andorf, Carson M; El‐Walid, Mohamed Z; Ferebee, Taylor H; Gilmore, Elizabeth H; Hufford, Matthew B; Johnson, Lynn C; Kellogg, Elizabeth A; ",Fishing for a reelGene: evaluating gene models with evolution and machine learning,The Plant Journal,123,6,e70483,2025,
"Ferguson, John N; Fernandes, Samuel B; Monier, Brandon; Miller, Nathan D; Allan, Dylan; Dmitrieva, Anna; Schmuker, Peter; Lozano, Roberto; Valluru, Ravi; Buckler, Edward S; ","WEST Diversity Panel GBS information (Ferguson et al., 2020)",,,,,2021,"Univ. of Illinois at Urbana-Champaign, IL (United States)"
"Hearne, Sarah; Buckler, Edward; Chen, Charles; Mitchell, Sharon; Swarts, Kelly; Li, Huihui; Romero Navarro, J Alberto; ",Imputed GbS derived SNPs for maize landrace accessions represented in the SeeD-maize GWAS panel: Imputation using FILLIN,,,,,,CIMMYT Research Data & Software Repository Network
"Hearne, Sarah; Chen, Charles; Buckler, Ed; Mitchell, Sharon; Valdés, Jose Arcadio; Dreher, Kate; ",Imputed GbS-derived SNPs for Maize Landrace Accessions Represented in the SeeD-Maize GWAS Panel Recalled Using the B73 v. 4 Reference Genome,,,,,,CIMMYT Research Data & Software Repository Network
"Romero Navarro, J Alberto; Willcox, Martha; Burgueño, Juan; Romay, Cinta; Swarts, Kelly; Trachsel, Samuel; Preciado, Ernesto; Terron, Arturo; Vallejo Delgado, Humberto; Vidal, Victor; ",Significant SNPs from SeeD GWAS Analysis of Flowering Time,,,,,,CIMMYT Research Data & Software Repository Network
"Farmer, Erin; Yan, Ruyu; Michael, Peter; Lepak, Nick; Romay, Cinta; Buckler, Ed; Snavely, Noah; Sun, Ying; Robbins, Kelly; Gage, Joe; ",Integration of multi-modal proximal remote sensing data for improved prediction of agronomically important crop traits,,,,,2023,
"Robbins, Kelly; Jannink, Jean-Luc; Sorrells, Mark E; Sun, QI; Mueller, Lukas; Kretzschmar, Tobias; Olsen, Michael; Varshney, Rajeev K; Buckler, Edward; McCouch, Susan R; ",Genomics and Open Source Breeding Informatics Initiative.,"ASA, CSSA and SSSA International Annual Meetings (2015)",,,,2015,ASA-CSSA-SSSA
"Khaipho-Burch, Merritt; Cooper, Mark; Crossa, Jose; de Leon, Natalia; Holland, James; Lewis, Ramsey; McCouch, Susan; Murray, Seth C; Rabbi, Ismail; Ronald, Pamela; ",Scale up trials to validate modified crops’ benefits,Nature,621,7979,470,2023,
"Farmer, Erin; Michael, Peter; Yan, Ruyu; Lepak, Nick; Romay, Cinta; Buckler, Edward S; Snavely, Noah; Sun, Ying; Robbins, Kelly; Gage, Joseph L; ",Synergizing Proximal Remote Sensing Modalities for Enhanced Prediction of Key Agronomic Crop Traits,Authorea Preprints,,,,2023,Authorea
"Vorontsova, Maria S; Petersen, Kurt B; Minx, Patrick; Aubuchon-Elder, Taylor M; Romay, M Cinta; Buckler, Edward S; Kellogg, Elizabeth A; ","Reinstatement and expansion of the genus Anatherum (Andropogoneae, Panicoideae, Poaceae)",Systematics and Biodiversity,21,1,2274386,2023,Taylor & Francis
"Wang JiaBo, Wang JiaBo; Zhou ZhengKui, Zhou ZhengKui; Zhang Zhe, Zhang Zhe; Li Hui, Li Hui; Liu Di, Liu Di; Zhang Qin, Zhang Qin; Bradbury, PJ; Buckler, ES; Zhang ZhiWu, Zhang ZhiWu; ",Expanding the BLUP alphabet for genomic prediction adaptable to the genetic architectures of complex traits.,,,,,2018,
"Li ChunHui, Li ChunHui; Li YongXiang, Li YongXiang; Shi YunSu, Shi YunSu; Song YanChun, Song YanChun; Zhang DengFeng, Zhang DengFeng; Buckler, ES; Zhang, ZW; Wang TianYu, Wang TianYu; Li Yu, Li Yu; ",Genetic control of the leaf angle and leaf orientation value as revealed by ultra-high density maps in three connected maize populations.,,,,,2015,
"Li ChunHui, Li ChunHui; Li YongXiang, Li YongXiang; Bradbury, PJ; Wu Xun, Wu Xun; Shi YunSu, Shi YunSu; Song YanChun, Song YanChun; Zhang DengFeng, Zhang DengFeng; Rodgers-Melnick, E; Buckler, ES; Zhang, ZW; ",Construction of high-quality recombination maps with low-coverage genomic sequencing for joint linkage analysis in maize.,,,,,2015,
"Huang XueHui, Huang XueHui; Wei XingHua, Wei XingHua; Sang, T; Zhao Qiang, Zhao Qiang; Feng Qi, Feng Qi; Zhao Yan, Zhao Yan; Li CanYang, Li CanYang; Zhu ChuanRang, Zhu ChuanRang; Lu TingTing, Lu TingTing; Zhang, ZW; ",Genome-wide association studies of 14 agronomic traits in rice landraces.,,,,,2010,
"Li YongXiang, Li YongXiang; Chen Lin, Chen Lin; Li ChunHui, Li ChunHui; Bradbury, PJ; Shi YunSu, Shi YunSu; Song YanChun, Song YanChun; Zhang DengFeng, Zhang DengFeng; Zhang ZhiWu, Zhang ZhiWu; Buckler, ES; Li Yu, Li Yu; ",Increased experimental conditions and marker densities identified more genetic loci associated with southern and northern leaf blight resistance in maize.,,,,,2018,
"Liu XiaoLei, Liu XiaoLei; Huang Meng, Huang Meng; Fan Bin, Fan Bin; Buckler, ES; Zhang ZhiWu, Zhang ZhiWu; ",Iterative usage of fixed and random effect models for powerful and efficient genome-wide association studies.,,,,,2016,
"Yang ChinJian, Yang ChinJian; Samayoa, LF; Bradbury, PJ; Olukolu, BA; Xue Wei, Xue Wei; York, AM; Tuholski, MR; Wang WeiDong, Wang WeiDong; Daskalska, LL; Neumeyer, MA; ",The genetic architecture of teosinte catalyzed and constrained maize domestication.,,,,,2019,
"Sun SiLong, Sun SiLong; Zhou YingSi, Zhou YingSi; Chen Jian, Chen Jian; Shi JunPeng, Shi JunPeng; Zhao HaiMing, Zhao HaiMing; Zhao HaiNan, Zhao HaiNan; Song WeiBin, Song WeiBin; Zhang Mei, Zhang Mei; Cui Yang, Cui Yang; Dong XiaoMei, Dong XiaoMei; ",Extensive intraspecific gene order and gene structural variations between Mo17 and other maize genomes.,,,,,2018,
"Zhou ShaoQun, Zhou ShaoQun; Kremling, KA; Bandillo, N; Richter, A; Zhang, YK; Ahern, KR; Artyukhin, AB; Hui, JX; Younkin, GC; Schroeder, FC; ",Metabolome-scale genome-wide association studies reveal chemical diversity and genetic control of maize specialized metabolites.,,,,,2019,
"Bukowski Robert, Bukowski Robert; Guo XiaoSen, Guo XiaoSen; Lu YanLi, Lu YanLi; Zou Cheng, Zou Cheng; He Bing, He Bing; Rong ZhengQin, Rong ZhengQin; Wang Bo, Wang Bo; Xu DaWen, Xu DaWen; Yang BiCheng, Yang BiCheng; Xie ChuanXiao, Xie ChuanXiao; ",Construction of the third-generation Zea mays haplotype map.,,,,,2018,
"Yan JianBing, Yan JianBing; Kandianis, CB; Harjes, CE; Bai, L; Kim, EH; Yang XiaoHong, Yang XiaoHong; Skinner, DJ; Fu ZhiYuan, Fu ZhiYuan; Mitchell, S; Li Qing, Li Qing; ",Rare genetic variation at Zea mays crtRB1 increases β-carotene in maize grain.,,,,,2010,
"Li ChunHui, Li ChunHui; Sun BaoCheng, Sun BaoCheng; Li YongXiang, Li YongXiang; Liu Cheng, Liu Cheng; Wu Xun, Wu Xun; Zhang DengFeng, Zhang DengFeng; Shi YunSu, Shi YunSu; Song YanChun, Song YanChun; Buckler, ES; Zhang ZhiWu, Zhang ZhiWu; ",Numerous genetic loci identified for drought tolerance in the maize nested association mapping populations.,,,,,2016,
"Li ChunHui, Li ChunHui; Li YongXiang, Li YongXiang; Shi YunSu, Shi YunSu; Song YanChun, Song YanChun; Zhang DengFeng, Zhang DengFeng; Buckler, ES; Zhang ZhiWu, Zhang ZhiWu; Li Yu, Li Yu; Wang TianYu, Wang TianYu; ","Analysis of recombination QTLs, segregation distortion, and epistasis for fitness in maize multiple populations using ultra-high-density markers.",,,,,2016,
"Ravi Valluru, Ravi Valluru; Gazave, EE; Fernandes, SB; Ferguson, JN; Lozano, R; Pradeep Hirannaiah, Pradeep Hirannaiah; Zuo Tao, Zuo Tao; Brown, PJ; Leakey, ADB; Gore, MA; ",Deleterious mutation burden and its association with complex traits in sorghum (Sorghum bicolor).,,,,,2019,
"Li YongXiang, Li YongXiang; Li ChunHui, Li ChunHui; Bradbury, PJ; Liu XiaoLei, Liu XiaoLei; Lu Fei, Lu Fei; Romay, CM; Glaubitz, JC; Wu Xun, Wu Xun; Peng Bo, Peng Bo; Shi YunSu, Shi YunSu; ",Identification of genetic variants associated with maize flowering time using an extremely large multi-genetic background population.,,,,,2016,
"Liu ZhengBin, Liu ZhengBin; Cook, J; Melia-Hancock, S; Guill, K; Bottoms, C; Garcia, A; Ott, O; Nelson, R; Recker, J; Balint-Kurti, P; ",Expanding maize genetic resources with predomestication alleles: maize-teosinte introgression populations.,,,,,2016,
"Gorjifard, Sayeh; Jores, Tobias; Tonnies, Jackson; Mueth, Nicholas A; Bubb, Kerry; Wrightsman, Travis; Buckler, Edward S; Fields, Stanley; Cuperus, Josh T; Queitsch, Christine; ","Arabidopsis and maize terminator strength is determined by GC content, polyadenylation motifs and cleavage probability",Nature Communications,15,1,5868,2024,Nature Publishing Group UK London
"Yang JinLiang, Yang JinLiang; Mezmouk, S; Baumgarten, A; Buckler, ES; Guill, KE; McMullen, MD; Mumm, RH; Ross-Ibarra, J; ",Incomplete dominance of deleterious alleles contributes substantially to trait variation and heterosis in maize.,,,,,2017,
"Yan JianBing, Yan JianBing; Shah, T; Warburton, ML; Buckler, ES; McMullen, MD; Crouch, J; ",Genetic characterization and linkage disequilibrium estimation of a global maize collection using SNP markers.,,,,,2009,
"Zhang XueCai, Zhang XueCai; Pérez-Rodríguez, P; Burgueño, J; Olsen, M; Buckler, E; Atlin, G; Prasanna, BM; Vargas, M; Vicente, FS; Crossa, J; ",Rapid cycling genomic selection in a multiparental tropical maize population.,,,,,2017,
"Li HuiHui, Li HuiHui; Bradbury, P; Ersoz, E; Buckler, ES; Wang JianKang, Wang JianKang; ",Joint QTL linkage mapping for multiple-cross mating design sharing one common parent.,,,,,2011,
"Long, Evan M; Stitzer, Michelle; Monier, Brandon; Schulz, Aimee J; Romay, M Cinta; Robbins, Kelly R; Buckler, Edward S; ",Muller’s Ratchet in Action: The Erosion of Sexual Reproduction Genes in Domesticated Cassava (Manihot esculenta),bioRxiv,,,2024.02. 14.580345,2024,Cold Spring Harbor Laboratory
"Baseggio, Matheus; Murray, Matthew; Wu, Di; Ziegler, Gregory; Kaczmar, Nicholas; Chamness, James; Hamilton, John P; Buell, C Robin; Vatamaniuk, Olena K; Buckler, Edward S; ",Genome-wide association study reveals an independent genetic basis of zinc and cadmium concentrations in fresh sweet corn kernels,bioRxiv,,,2021.02. 19.432009,2021,Cold Spring Harbor Laboratory
"Bass, Hank W; Vera, Daniel L; Rodgers-Melnick, Eli; Buckler, Edward S; ",Florida State University,"Tallahassee, FL",,,,,
"Campidilli, Grace; Stitzer, Michelle; Buckler, Edward; ",Adaptation and Jumping Genes: Computational Analyses of Transposable Element Behavior across Maize Genotypes,"ASA, CSSA, SSSA International Annual Meeting",,,,2021,ASA-CSSA-SSSA
"Swarts, K; Bradbury, P; Bauer, E; Blake, M; Glaubitz, J; Gutaker, R; Krause, J; Kruse-Peeples, M; Larsson, S; Matson, RG; ",Evolution of temperate maize in North America,58th Annual Maize Genetics Conference,,,78,2016,
"Lu, Fei; Romay, Cinta; Glaubitz, Jeff; Bradbury, Peter J; Elshire, Robert; Buckler, Edward; ",The Global Landscape and Functional Impact Of Copy Number Variation In Maize.,"ASA, CSSA and SSSA International Annual Meetings (2013)",,,,2013,ASA-CSSA-SSSA
"Gore, Michael A; Lipka, Alexander; Magallanes-Lundback, Maria; Mesberg, Alex; Bradbury, Peter J; Angelovici, Ruthie; Jorge, Sabrina Gonzalez; Tiede, Tyler; Cepela, Jason; Vaillancourt, Brieanne; ",From QTL to Gene: Building a Genetic Foundation for Maize Biofortification.,"ASA, CSSA and SSSA International Annual Meetings (2013)",,,,2013,ASA-CSSA-SSSA
"Gore, Michael; Costich, Denise; Denton, Michelle; Buckler, Edward; ",Nuclear Genome Size Variation within Maize and Teosinte.,"2010 Annual Meeting (Oct. 31-Nov. 3, 2010)",,,,2010,ASA-CSSA-SSSA
"Costich, Denise; Friebe, Bernd; Sheehan, Moira; Casler, Michael; Buckler, Edward; ",Genome-Size Variation In Switchgrass (Panicum virgatum): Examination of the Origin and Consequences of Aneuploidy.,"2010 Annual Meeting (Oct. 31-Nov. 3, 2010)",,,,2010,ASA-CSSA-SSSA
"Mitchell, Sharon; Elshire, Robert; Glaubitz, JC; Sun, Q; Ware, Doreen; Gore, Michael; Schweitzer, PA; Buckler, Edward; ",Reduced Representation Sequencing for Rapidly Genotyping Diverse Species.,"2010 Annual Meeting (Oct. 31-Nov. 3, 2010)",,,,2010,ASA-CSSA-SSSA
"White, Jeffrey; Holland, James; Buckler, Edward; Hung, Hsiao-Yi; ",Modeling Flowering Time in a Maize Nested Association Mapping Population.,"2010 Annual Meeting (Oct. 31-Nov. 3, 2010)",,,,2010,ASA-CSSA-SSSA
"Wrightsman, Travis; Ferebee, Taylor H; Romay, M Cinta; Seetharam, Arun S; AuBuchon-Elder, Taylor; Phillips, Alyssa R; Syring, Michael; Hufford, Matthew B; Kellogg, Elizabeth A; Buckler, Edward S; ",Current genomic deep learning architectures generalize across grass species but not alleles,bioRxiv,,,2024.04. 11.589024,2024,Cold Spring Harbor Laboratory
"Gardner, Candice; Romay-Alvarez, Maria; Millard, Mark; Flint-Garcia, Sherry; Holland, James; Buckler, Edward; ",Using High-Throughput Genotyping Information to Aid in Managing a Large Maize Collection.,"ASA, CSSA and SSSA Annual Meetings (Cincinnati, OH-Oct. 21-Oct. 24, 2012)",,,,2012,ASA-CSSA-SSSA
"Buckler, Ed; Flint-Garcia, Sherry; Holland, James B; Ross-Ibarra, Jeffrey; Mitchell, Sharon E; Doebley, John; Sun, Qi; Bradbury, Peter J; Ware, Doreen H; ",Panzea,,,,,,
"Hsu, Sheng-Kai; Emmett, Bryan D; Haafke, Alexandria; Costa-Neto, Germano; Schulz, Aimee J; Lepak, Nicholas; La, Thuy; AuBuchon-Elder, Taylor; Hale, Charles; Raglin, Sierra S; ",Contrasting Rhizosphere Nitrogen Dynamics in Andropogoneae Grasses: Implications for Sustainable Agriculture,bioRxiv,,,2024.06. 03.597142,2024,Cold Spring Harbor Laboratory
"Zhai, J; Gokaslan, A; Schiff, Y; Berthel, A; Liu, Z; Miller, ZR; Scheben, A; Stitzer, MC; Romay, C; Buckler, ES; ",Cross-species plant genomes modeling at single nucleotide resolution using a pre-trained DNA language model,,,,,2024,
"Buckler, Edward S; Ramstein, Guillaume; Wang, Hai; Washburn, Jacob D; Kremling, Karl A; Mejia-Guerra, Maria Katherine; Valluru, Ravi; ",Evolutionarily informed deep learning methods for predicting relative transcript abundance from DNA sequence,,,,,,University of Lincoln
"Li, Tianyi; Xu, Hui; Teng, Shouzhen; Suo, Mingrui; Bahitwa, Revocatus; Xu, Mingchi; Qian, Yiheng; Ramstein, Guillaume P; Song, Baoxing; Buckler, Edward S; ",Modeling 0.6 million genes for the rational design of functional cis-regulatory variants and de novo design of cis-regulatory sequences,Proceedings of the National Academy of Sciences,121,26,e2319811121,2024,National Academy of Sciences
"Miller, Zachary; Johnson, Lynn C; Casstevens, Terry; Bradbury, Peter; Monier, Brandon; Berthel, Ana; Buckler, Edward S; ",Introducing the Practical Haplotype Graph Version 2: A Streamlined and Simple Pangenome System,"Plant and Animal Genome Conference/PAG 31 (January 12-17, 2024)",,,,,PAG
"Buckler, Edward S; ",Leveraging AI & Haplotype Graphs for Grass Functional Variation Discovery,"Plant and Animal Genome Conference/PAG 31 (January 12-17, 2024)",,,,2024,PAG
"Zhai, Jingjing; Gokaslan, Aaron; Schiff, Yair; Berthel, Ana; Liu, Zong-Yan; Miller, Zachary R; Scheben, Armin; Stitzer, Michelle C; Romay, M Cinta; Buckler, Edward S; ",Cross-species modeling of plant genomes at single nucleotide resolution using a pre-trained DNA language model,bioRxiv,,,2024.06. 04.596709,2024,Cold Spring Harbor Laboratory
"Li, Forrest; Gates, Daniel J; Buckler, Edward S; Hufford, Matthew B; Janzen, Garrett M; Rellán-Álvarez, Rubén; Rodríguez-Zapata, Fausto; Navarro, J Alberto Romero; Sawers, Ruairidh JH; Snodgrass, Samantha J; ",The utility of environmental data from traditional varieties for climate-adaptive maize breeding,bioRxiv,,,2024.09. 19.613351,2024,Cold Spring Harbor Laboratory
"Maghsood, Fatemeh; Romay, Maria Cinta; Buckler, Edward S; Messina, Carlos; ",Assessment of Altered Maize Traits for Enhanced Yield and Reduced GHG Emissions.,"ASA, CSSA, SSSA International Annual Meeting",,,,2024,ASA-CSSA-SSSA
"Digrado, Anthony; Montes, Christopher M; Casey, Kramer; Herr, Sam; Hisse, Ignacio R; Kettler, Cody; Stokes, Ruthie; Montalvo, Ela Jusino; Rellán-Álvarez, Rubén; de Leon, Natalia; ",Dynamic of Soil N2O Emission in Diverse Corn Hybrids across Multiple Sites.,"ASA, CSSA, SSSA International Annual Meeting",,,,2024,ASA-CSSA-SSSA
"Romay, Maria Cinta; Ainsworth, Elizabeth A; Angelovici, Ruthie; Basso, Bruno; Brooks, Matthew; Busch, Wolfgang; Castellano, Michael J; Chen, Junping; Costich, Denise; de Leon, Natalia; ",Cerca-Circular Economy That Reimagines Corn Agriculture,"ASA, CSSA, SSSA International Annual Meeting",,,,2024,ASA-CSSA-SSSA
"Pugh, Nicholas Ace; de Leon, Natalia; Romay, Maria Cinta; Buckler, Edward S; Chen, Junping; ",Field-Based Screening and UAV Phenotyping for Cold and Freezing Tolerance in Maize,"ASA, CSSA, SSSA International Annual Meeting",,,,2024,ASA-CSSA-SSSA
"Vorontsova, Maria S; Petersen, Kurt B; Minx, Patrick; Aubuchon-Elder, Taylor M; Romay, M Cinta; Buckler, Edward S; Kellogg, Elizabeth A; ",814ca123-0288-4e2e-acc3-f5adfdc99ab5-Reinstatement_and_expansion_of_the_genus_Anatherum_Andropogoneae_Panicoideae_Poaceae_. pdf Page 08,,,,,,
"Epstein, Ruth; Wheeler, JJ; Hubisz, Melissa; Sun, Qi; Bukowski, Robert; Zhai, Jingjing; Lai, Wei-Yun; Buckler, Edward; Pawlowski, Wojtek P; ",The maize recombination landscape evolved during domestication,bioRxiv,,,2024.11. 04.621928,2024,Cold Spring Harbor Laboratory
"Long, Evan M; Stitzer, Michelle C; Monier, Brandon; Schulz, Aimee J; Romay, Maria Cinta; Robbins, Kelly R; Buckler, Edward S; ",Evolutionary signatures of the erosion of sexual reproduction genes in domesticated cassava (Manihot esculenta),"G3: Genes, Genomes, Genetics",15,2,jkae282,2025,Oxford University Press US
"Gage, Joseph L; Romay, M Cinta; Buckler, Edward S; ",Maize inbreds show allelic variation for diel transcription patterns,bioRxiv,,,,2024,
"Gore, Michael; Andrade-Sanchez, Pedro; Buckler, Edward; DellaPenna, Dean; French, Andrew; Poland, Jesse; Rocheford, Torbert; White, Jeffrey; ",Next-Generation Platforms for the Genetic Analysis of Complex Traits.,"ASA, CSSA and SSSA Annual Meetings (Cincinnati, OH-Oct. 21-Oct. 24, 2012)",,,,2012,ASA-CSSA-SSSA
"Stitzer, Michelle C; Seetharam, Arun S; Scheben, Armin; Hsu, Sheng-Kai; Schulz, Aimee J; AuBuchon-Elder, Taylor M; El-Walid, Mohamed; Ferebee, Taylor H; Hale, Charles O; La, Thuy; ",Extensive genome evolution distinguishes maize within a stable tribe of grasses,Biorxiv,,,,2025,
"Piri, Rebecca D; Wang, Mingyu; Romay, M Cinta; Buckler, Edward S; Dawe, R Kelly; ",Higher order repeat structures reflect diverging evolutionary paths in maize centromeres and knobs,Genome Biology,27,1,99,2026,BioMed Central London
"Song, Baoxing; Buckler, Edward S; Stitzer, Michelle C; ",New whole-genome alignment tools are needed for tapping into plant diversity,Trends in Plant Science,29,3,355-369,2024,Elsevier
"Bradbury, Peter; Zhang, Nengyi; Gibon, Yves; Stitt, Mark; Buckler, Edward S; ",Association mapping across numerous traits reveals patterns of functional variation in maize,Association mapping across numerous traits reveals patterns of functional variation in maize (2014),,,,2014,
"Almaraz, Maya; Davidson, Eric A; Spiegal, Sheri; Zhang, Xin; Brooke, Charles; Anderson, Karl; Buckler, Edward; ",Nitrogen 2.0: The Next Generation of Nitrogen Management in Food Production Systems,AGU Fall Meeting Abstracts,2024,8,GC52G-08,2024,
"Tu, Xiaoyu; Mejia-Guerra, Maria Katherine; Franco, Jose A Valdes; Tzeng, David; Chu, Po-Yu; Shen, Wei; Wei, Yingying; Dai, Xiuru; Li, Pinghua; Buckler, Edward S; ","Reconstructing the maize leaf regulatory network using ChIP-seq data of 104 transcription factors (vol 11, 5089, 2020)",NATURE COMMUNICATIONS,14,1,,2023,"NATURE PORTFOLIO HEIDELBERGER PLATZ 3, BERLIN, 14197, GERMANY"
"Lepak, Nicholas; Gore, Michael; Buckler, Ed; ",QTL Analysis of Armyworm Resistance in Maize.,2008 Joint Annual Meeting (5-9 Oct. 2008),,,,2008,ASA-CSSA-SSSA
"Fang, Lingzhao; Teng, Jinyan; Lin, Qing; Bai, Zhonghao; Liu, Shuli; Guan, Dailu; Li, Bingjie; Gao, Yahui; Hou, Yali; Gong, Mian; ",The farm animal genotype–tissue expression (FarmGTEx) project,Nature genetics,57,4,786-796,2025,Nature Publishing Group US New York
"Baseggio, Matheus; Murray, Matthew; Magallanes-Lundback, Maria; Kaczmar, Nicholas; Chamness, James; Buckler, Edward S; Smith, Margaret E; DellaPenna, Dean; Tracy, William F; Gore, Michael A; ",Open Library of Bioscience,,,,,,
"Costich, Denise; Redmond, Patrick; Lu, Fei; Casler, Michael; Cherney, Jerome; Buckler, Edward; ",Ploidy Variation and Reproductive Pathways In Upland Switchgrass.,"ASA, CSSA and SSSA Annual Meetings (San Antonio, TX-Oct. 16-19, 2011)",,,,2011,ASA-CSSA-SSSA
"Lu, Fei; Lipka, Alexander E; Elshire, Robert; Glaubitz, JC; Cherney, Jerome H; Casler, Michael; Buckler, Edward S; Costich, Denise; ",Characterization of the Genetic Diversity of Perennial Grasses Using Genotyping by Sequencing.,"ASA, CSSA and SSSA Annual Meetings (San Antonio, TX-Oct. 16-19, 2011)",,,,2011,ASA-CSSA-SSSA
"Lipka, Alexander E; Lu, Fei; Gore, Michael; Paddock, Kenneth M; Lepak, Nicholas; Cherney, Jerome H; Casler, Michael; Buckler, Edward S; Costich, Denise; ",Genome-Wide Association Studies and Genomic Selection In Perennial Grasses.,"ASA, CSSA and SSSA Annual Meetings (San Antonio, TX-Oct. 16-19, 2011)",,,,2011,ASA-CSSA-SSSA
"Gore, Michael A; Kandianis, Catherine B; Lipka, Alexander; Owens, Brenda F; Tiede, Tyler; Diepenbrock, Christine H; Rocheford, Torbert; Buell, C Robin; Buckler, Edward; DellaPenna, Dean; ","The Road to Biofortification: Progress and Prospects for Orange, High Provitamin Α Maize.","ASA, CSSA and SSSA International Annual Meetings (2014)",,,,2014,ASA-CSSA-SSSA
"Hale, Charles O; Hsu, Sheng-Kai; Zhai, Jingjing; Schulz, Aimee J; Aubuchon-Elder, Taylor; Costa-Neto, Germano; Gelfond, Allen; El-Walid, Mohamed; Hufford, Matthew; Kellogg, Elizabeth A; ",Extensive modulation of a conserved cis-regulatory code across 589 grass species,bioRxiv,,,2025.04. 23.650228,2025,Cold Spring Harbor Laboratory
"Cordoba-Novoa, Henry; Buckler, Edward S; Romay, Cinta M; Berthel, Ana; Johnson, Lynn; Balasubramanian, Parthiba; Hoyos-Villegas, Valerio; ",Phylogenetic Analysis and Machine Learning Identify Signatures of Selection and Predict Deleterious Mutations in Common Bean,bioRxiv,,,2025.05. 05.652309,2025,Cold Spring Harbor Laboratory
"Oren, Elad; Zhai, Jingjing; Rooney, Travis E; Angelovici, Ruthie; Hale, Charles O; Brindisi, Lara J; Hsu, Sheng-Kai; Gault, Christine M; Hua, Jian; La, Thuy; ",Grass Rhizome Proteomics Reveals Convergent Freezing-Tolerance Strategies,bioRxiv,,,,2025,
"Buckler, Edward S; ",PGR: PanAnd-Harnessing convergence and constraint to predict adaptations to abiotic stress for maize and sorghum,NSF Award Number 1822330. Directorate for Biological Sciences,18,1822330,22330,2018,
"Buckler, Edward S; ",Genetic Architecture of Maize and Teosinte,NSF Award Number 0820619. Directorate for Biological Sciences,8,820619,20619,2009,
"Buckler, Edward S; ",High Density Scoreable Markers for Maize Trait Dissection,NSF Award Number 0638566. Directorate for Biological Sciences,6,638566,38566,2006,
"Buckler, Edward S; ","BREAD: Platform, Pipeline, and Analytical Tools for Next Generation Genotyping to Serve Breeding Efforts in Africa",NSF Award Number 0965342. Directorate for Biological Sciences,9,965342,65342,2010,
"Buckler, Edward S; ",Biology of Rare Alleles in Maize and Its Wild Relatives,NSF Award Number 1238014. Directorate for Biological Sciences,12,1238014,38014,2013,
"Li, Forrest; Gates, Daniel J; Buckler, Edward S; Hufford, Matthew B; Janzen, Garrett M; Rellán-Álvarez, Rubén; Rodríguez-Zapata, Fausto; Romero Navarro, J Alberto; Sawers, Ruairidh JH; Snodgrass, Samantha J; ",Environmental data provide marginal benefit for predicting climate adaptation,PLoS genetics,21,6,e1011714,2025,"Public Library of Science San Francisco, CA USA"
"Sood, Shilpa; Glaubitz, Jeff; Larsson, Sara; Buckler, Edward S; Holland, James B; ",Fine-Mapping Small Effect Flowering Time QTLs in Maize: Genetic Architecture Is Complex.,"ASA, CSSA and SSSA International Annual Meetings (2013)",,,,2013,ASA-CSSA-SSSA
"de Leon, Natalia; Murray, Seth C; Buckler, Edward S; Romay, Maria Cinta; ",Symposium--Special Session--Transforming Corn Nitrogen through Cerca; A Circular Economy That Reimagines Corn Agriculture,CANVAS 2025,,,,,ASA-CSSA-SSSA
"Hsu, Sheng‐Kai; Emmett, Bryan D; Haafke, Alexandria; Costa‐Neto, Germano; Schulz, Aimee J; Lepak, Nicholas; La, Thuy; AuBuchon‐Elder, Taylor M; Hale, Charles O; Raglin, Sierra S; ",Contrasting rhizosphere nitrogen dynamics in Andropogoneae grasses,The Plant Journal,123,1,e70319,2025,
"Varshney, Rajeev K; Ribaut, Jean-Marcel; Buckler, Edward S; Tuberosa, Roberto; Rafalski, J Antoni; Langridge, Peter; ",A prototrophic deletion mutant collection for yeast metabolomics and systems biology,Trends Biotechnol,27,,522-530,2009,
"Ojeda-Rivera, Jonathan Odilón; Barnes, Allison C; Ainsworth, Elizabeth A; Angelovici, Ruthie; Basso, Bruno; Brindisi, Lara J; Brooks, Matthew D; Busch, Wolfgang; Buttelmann, Gretta L; Castellano, Michael J; ",Designing a nitrogen-efficient cold-tolerant maize for modern agricultural systems,The Plant Cell,37,7,koaf139,2025,Oxford University Press US
"Herr, Sam; Wickes-Do, Liam; Robinson, David M; Romay, Maria Cinta; Buckler, Edward S; Emmett, Bryan; Gore, Michael A; ",Biological Nitrification Inhibition in Maize Stover: How Does Variation in Stover Lignin Composition Affect Soil Nitrification?,CANVAS 2025,,,,2025,ASA-CSSA-SSSA
"Tilley, Chloe; Gregory, Luke Michael; Wickes-Do, Liam; Farmer, Erin; Lee, Seungjoon; LePak, Nick; Romay, Cinta; Buckler, Edward S; Sun, Ying; Gore, Michael A; ",Validating UAV-Based Crop Architecture Traits with Non-Destructive Ground Truth Data,CANVAS 2025,,,,2025,ASA-CSSA-SSSA
"Herr, Sam; Wickes-Do, Liam; Farmer, Erin; Yan, Ruyu; Michael, Peter; Gu, Zeqi; Castañon, Amparo Sofia Daza; Lepak, Nicholas; Harman-Ware, Anne E; de Leon, Natalia; ",Genomic and Phenomic Prediction of Lignin in Maize Stover,CANVAS 2025,,,,2025,ASA-CSSA-SSSA
"Farmer, Erin; Michael, Peter; Gu, Zeqi; Yan, Ruyu; Wickes-Do, Liam; Lepak, Nicholas; Romay, Maria Cinta; Buckler, Edward S; Sun, Ying; Robbins, Kelly R; ",Multi-Modal Proximal Sensing Data Integration for Improved Prediction of Key Agronomic Crop Traits,CANVAS 2025,,,,2025,ASA-CSSA-SSSA
"Herr, Sam; Robinson, David M; Romay, Maria Cinta; Buckler, Edward S; Emmett, Bryan; Gore, Michael A; ",Biological Nitrification Inhibition in Maize: How Can We Breed Maize to Reduce Nitrogen Loss?,CANVAS 2025,,,,2025,ASA-CSSA-SSSA
"Buckler, Edward S; Romay, Cinta; ",Future Directions and Discussion for CERCA,CANVAS 2025,,,,2025,ASA-CSSA-SSSA
"Zhai, Jingjing; Gokaslan, Aaron; Hsu, Sheng-Kai; Chen, Szu-Ping; Liu, Zong-Yan; Marroquin, Edgar; Czech, Eric; Cannon, Betsy; Berthel, Ana; Romay, M Cinta; ",PlantCAD2: A Long-Context DNA Language Model for Cross-Species Functional Annotation in Angiosperms,bioRxiv,,,,2025,
"Varshney, Rajeev K; Shi, Chengcheng; Thudi, Mahendar; Mariac, Cedric; Wallace, Jason; Qi, Peng; Zhang, He; Zhao, Yusheng; Wang, Xiyin; Srivastava, Rakesh K; ","Data files related to Pearl millet draft genome assembly v1. 1, scaffolds and annotations",,,,,,
"Castellano, Michael J; Buckler, Edward S; Ainsworth, Elizabeth; Angelovici, Ruthie; Basso, Bruno; Brooks, Matthew; Busch, Wolfgang; Chen, Junping; de Leon, Natalia; Emmett, Bryan; ",CERCA: Circular Economy That Reimagines Corn Agriculture,CANVAS 2025,,,,2025,ASA-CSSA-SSSA
"Tandukar, Nirwan; Pil, Hannah; Zapata, Fausto Rodríguez; Romay, Cinta; Ojeda-Rivera, Jonathan Odilón; Fritz, Katelyn; López-Corona, Lina; Insko, Lauren; Lai, Wei-Yun; Glover, Zehta; ",Leveraging Natural Variation of the Zea Genus to Study Nitrogen Efficiency in Corn,CANVAS 2025,,,,2025,ASA-CSSA-SSSA
"Baum, Mitch E; Brindisi, Lara; Herr, Sam; Ainsworth, Elizabeth; Emmett, Bryan; Hirsch, Candice; Kaeppler, Shawn M; de Leon, Natalia; McGee, Rebecca J; Northrup, Daniel; ",Modeling Insights into N2. 0: A Deep Dive into Production and Ecosystem Service Improvements,CANVAS 2025,,,,2025,ASA-CSSA-SSSA
"Ganesan, Mathavan A; Hale, Charles O; Romay, M Cinta; Buckler, Edward S; Stitzer, Michelle C; ",High-Quality Draft Genome Assemblies and Comparative Genomics of Three Bouteloua Species (Poaceae: Chloridoideae),bioRxiv,,,2025.10. 15.682643,2025,Cold Spring Harbor Laboratory
"Wang, Shuai; Khaipho-Burch, Merritt; Johnson, Lynn C; Miller, Zachary R; Bradbury, Peter J; Speed, Doug; Allen, William J; Romay, M Cinta; Xue, Jiquan; Buckler, Edward S; ",Predicted protein 3D structures provide essential insights into the genetic architecture underlying phenotypic diversity in maize,Genome Research,36,1,214-225,2026,Cold Spring Harbor Lab
"Liu, Zong-Yan; Berthel, Ana; Czech, Eric; Stitzer, Michelle; Hsu, Sheng-Kai; Pennell, Matt; Buckler, Edward S; Zhai, Jingjing; ",GeneCAD: Plant Genome Annotation with a DNA Foundation Model,bioRxiv,,,2025.10. 31.685877,2025,Cold Spring Harbor Laboratory
"Stitzer, Michelle C; Khaipho-Burch, Merritt B; Hudson, Asher I; Song, Baoxing; Valdez-Franco, Jose Arcadio; Ramstein, Guillaume; Feschotte, Cedric; Buckler, Edward S; ",Transposable element abundance subtly,,,,,,
"Phillips, Alyssa R; AuBuchon-Elder, Taylor; Barry, Kerrie; Stitzer, Michelle; Buckler, Edward S; Bukowski, Robert; Cameron, Brenda; Cryan, Elli; Forrestel, Elisabeth; Grabowski, Paul P; ",The origins and adaptive consequences of polyploidy in a dominant prairie grass,bioRxiv,,,2025.11. 25.690567,2025,Cold Spring Harbor Laboratory
"Hale, Charles O; Hsu, Sheng-Kai; Zhai, Jingjing; Schulz, Aimee; Aubuchon-Elder, Taylor; Costa-Neto, Germano; Gelfond, Allen; El-Walid, Mohamed Z; Hufford, Matthew; Kellogg, Elizabeth A; ",Widespread turnover of a conserved cis-regulatory code across 589 grass species,Molecular Biology and Evolution,43,1,msaf324,2026,Oxford University Press UK
"Yarnes, Shawn C; Palladino, Nick; Meidlinger, Dave J; Philips, David R; Sweeney, Heather M; Mustafa, Shahana A; Mandych, Matthew L; Bouabane, Sam; Parsons, Tim E; Slonecki, Tyler J; ",DeltaBreed: A BrAPI-centric breeding data information system,Plos one,20,12,e0324104,2025,"Public Library of Science San Francisco, CA USA"
"El-Walid, Mohamed Z; Gault, Christine M; Costich, Denise E; Lepak, Nicholas K; Budka, Joshua S; Stitzer, Michelle C; Giri, Anju; Rees, Evan; Romay, M Cinta; Buckler, Edward S; ",Identification of Freezing Tolerance QTLs in Tripsacum dactyloides Using Open-Pollinated Bulk Segregant Analysis,bioRxiv,,,2025.12. 10.693030,2025,Cold Spring Harbor Laboratory
"Doebley, John F; ",Molecular and Functional Diversity in the Maize Genome,NSF Award Number 0321467. Directorate for Biological Sciences,3,321467,21467,2004,
"Luo, Yun; Yan, Jiali; La, Thuy; Buckler, Edward S; Yan, Jianbing; Romay, M Cinta; ",Cross-species optimization of nuclei isolation in ten plant species,Plant Methods,22,1,19,2026,BioMed Central
"Yarnes, Shawn C; Palladino, Nick; Meidlinger, Dave J; Philips, David R; Sweeney, Heather M; Mustafa, Shahana A; Mandych, Matthew L; Bouabane, Sam; Parsons, Tim E; Slonecki, Tyler J; ",Correction: DeltaBreed: A BrAPI-centric breeding data information system,PloS one,21,1,e0341691,2026,"Public Library of Science San Francisco, CA USA"
"Buckler, ES; Stevens, NM; Motley, T; Zerega, N; Cross, H; ","Darwin’s harvest: new approaches to the origins, evolution, and conservation of crops",Book Chapter,,,67-90,2006,"Maize Origins, Domestication, and Selection. New York: Columbia University Press"
"McCue, Kimberlie A; Buckler, Edward S; Holtsford, Timothy P; ",Una visión jerárquica de la estructura genética de la planta anual rara Clarkia springvillensis,Conservation Biology,10,5,1425-1434,1996,
"Chen, Qiuyue; Washburn, Jacob D; Lima, Dayane Cristina; Romay, Maria Cinta; Gage, Joseph L; Holland, James B; Xavier, Alencar; Murray, Seth C; Ertl, David; Lopez-Cruz, Marco; ",Genomes to fields 2024 maize genotype by environment prediction competition,BMC Research Notes,19,1,113,2026,BioMed Central London
"Schulz, Aimee J; Bohn, Martin O; Bradbury, Peter; Lima, Dayane Cristina; De Leon, Natalia; Flint-Garcia, Sherry; Holland, James B; Lepak, Nicholas; Lorenz, Aaron J; Romay, M Cinta; ",Inter-variety competition dynamics in US inbred and hybrid maize,bioRxiv,,,2026.02. 26.708322,2026,Cold Spring Harbor Laboratory
"Yarnes, Shawn C; Palladino, Nick; Meidlinger, Dave J; Philips, David R; Sweeney, Heather M; Mustafa, Shahana A; Mandych, Matthew L; Bouabane, Sam; Parsons, Tim E; Slonecki, Tyler J; ","DeltaBreed: A BrAPI-centric breeding data information system (vol 20, e0324104, 2025)",PLOS ONE,21,1,,2026,"PUBLIC LIBRARY SCIENCE 1160 BATTERY STREET, STE 100, SAN FRANCISCO, CA 94111 USA"
"Gault, Christine; Budka, Joshua; Costich, Denise; Rodgers-Melnick, Eli; Lepak, Nicholas; Buckler, Edward S; ",Searching for the Genetic Basis of Cold Tolerance in Maize's Sister Genus Tripsacum.,"ASA, CSSA and SSSA International Annual Meetings (2015)",,,,2015,ASA-CSSA-SSSA
"Bradbury, Peter; Gore, Michael; Hogers, René; Kirst, Matias; Verstege, Esther; van Oeveren, Jan; Peleman, Johan; Buckler, Edward; van Eijk, Michiel JT; ",Optimized Target Preparation Method for Single-Feature Polymorphism Detection in Maize.,"Northeastern Branch of the ASA-SSSA (July 11, 2006)",,,,2006,ASA-CSSA-SSSA
"Schulz, Aimee J; AuBuchon-Elder, Taylor; Germano Costa Neto, Charles; Hale, O; Seetharam, Arun S; Stitzer, Michelle C; Romay, M Cinta; Hufford, Elizabeth A; Buckler, Edward S; Hsu, Sheng-Kai; ",The molecular evolution of perenniality across the grasses,ADVANCED GENOMIC AND QUANTITATIVE GENETIC APPROACHES TO RE-ENVISION TEMPERATE MAIZE AGRICULTURE,,,122,2024,Cornell University
"Ojeda-Rivera, Jonathan O; Oren, Elad; Hsu, Sheng-Kai; Lepak, Nicholas; La, Thuy; Zhai, Jingjing; Stitzer, Michelle C; Yobi, Abou; Angelovici, Ruthie; Buckler, Edward S; ",A transcriptomic atlas of grass senescence reveals divergent underground sink networks limit nitrogen recycling in annuals,bioRxiv,,,2026.05. 05.723041,2026,Cold Spring Harbor Laboratory
"Herrero, Mario; Mathys, Alexander; Mazariegos-Anastassiou, Veronica; Misra, Kamakhya; Benton, Tim G; Buckler, Edward S; Gandhi, Rikin; Wood, Stephen A; Nelson, Rebecca; Thornton, Philip K; ",Socio-Technical Innovation Bundles for Agri-Food Systems Transformation,Sustainable Development Goals Series,,,,,
"Ramstein, Guillaume P; Zhai, Jingjing; Buckler, Edward S; Tenaillon, Maud I; Jannink, Jean-Luc; ",Translating functional molecular knowledge into crop-breeding success,Nature Reviews Genetics,,,1-16,2026,Nature Publishing Group UK London
"Hsu, Sheng-Kai; Schulz, Aimee J; Hale, Charles O; Costa-Neto, Germano; Miller, Zachary R; Stitzer, Michelle C; Wrightsman, Travis; Zhai, Jingjing; Lai, Wei-Yun; Dawson, Henry D; ",Convergent genome-and gene-level constraints shape repeated environmental adaptation in grasses,bioRxiv,,,2026.06. 01.729361,2026,Cold Spring Harbor Laboratory
